year,yday,dayl..s.,prcp..mm.day.,srad..W.m.2.,swe..kg.m.2.,tmax..deg.c.,tmin..deg.c.,vp..Pa.,lat,lon
2019,1,36565.24,0,254.87,0,27.33,15.5,1759.84,29.3835,-82.2042
2019,2,36591.83,0,251.2,0,26.91,15.4,1748.34,29.3835,-82.2042
2019,3,36620.62,0,242.76,0,26.6,15.64,1775.81,29.3835,-82.2042
2019,4,36651.57,14.4,175.89,0,25.82,15.44,1753.08,29.3835,-82.2042
2019,5,36684.66,0,180.79,0,17.26,10.17,1241.52,29.3835,-82.2042
2019,6,36719.88,0,324.78,0,21.16,5.69,914.65,29.3835,-82.2042
2019,7,36757.21,0,343.42,0,24.03,6.25,951.05,29.3835,-82.2042
2019,8,36796.62,0,316.17,0,24.13,9.05,1151.37,29.3835,-82.2042
2019,9,36838.08,0,257.74,0,19.99,9.3,1170.59,29.3835,-82.2042
2019,10,36881.57,0,308.25,0,15.87,2.68,740.37,29.3835,-82.2042
2019,11,36927.07,0,357.4,0,19.91,1.93,702.13,29.3835,-82.2042
2019,12,36974.55,0,336.29,0,23.7,7.37,1027.4,29.3835,-82.2042
2019,13,37023.97,0,292.67,0,25.11,11.98,1400.26,29.3835,-82.2042
2019,14,37075.31,0,189.09,0,16.86,9.71,1203.36,29.3835,-82.2042
2019,15,37128.54,0,186.8,0,13.32,6.47,965.64,29.3835,-82.2042
2019,16,37183.64,0,311.49,0,15.88,2.96,755.57,29.3835,-82.2042
2019,17,37240.56,0,379.33,0,21.14,1.18,665.15,29.3835,-82.2042
2019,18,37299.27,0,365.2,0,23.62,5.24,886.94,29.3835,-82.2042
2019,19,37359.75,23.72,259.79,0,25.25,8.66,1121.48,29.3835,-82.2042
2019,20,37421.96,0,288.5,0,18.71,7.21,1015.8,29.3835,-82.2042
2019,21,37485.87,0,340.36,0,14.71,0.49,632.78,29.3835,-82.2042
2019,22,37551.45,0,382.49,0,22.18,2.89,751.39,29.3835,-82.2042
2019,23,37618.65,23.46,260.6,0,25.61,9.49,1185.85,29.3835,-82.2042
2019,24,37687.45,0,278.95,0,22.35,11.26,1335.19,29.3835,-82.2042
2019,25,37757.82,0,349.11,0,17.83,3.17,766.75,29.3835,-82.2042
2019,26,37829.71,5.57,222.91,0,15.43,4.25,827.29,29.3835,-82.2042
2019,27,37903.09,46.9,118.18,0,12.04,6.73,982.86,29.3835,-82.2042
2019,28,37977.93,0,298.3,0,15.67,4.58,846.96,29.3835,-82.2042
2019,29,38054.2,0,378.92,0,18.04,1.57,684.2,29.3835,-82.2042
2019,30,38131.85,0,284.22,0,12.18,2.14,712.76,29.3835,-82.2042
2019,31,38210.85,0,370.39,0,16.04,0.82,648.07,29.3835,-82.2042
2019,32,38291.18,3.77,260.59,0,21.92,7.63,1045.66,29.3835,-82.2042
2019,33,38372.78,11.38,211.36,0,22.64,11.96,1397.78,29.3835,-82.2042
2019,34,38455.64,0.78,143.99,0,20.17,15.21,1728.14,29.3835,-82.2042
2019,35,38539.71,0,255.07,0,21.49,12.31,1430.5,29.3835,-82.2042
2019,36,38624.96,0,379.4,0,25.79,9.12,1157.11,29.3835,-82.2042
2019,37,38711.36,0,375.89,0,26.81,10.48,1267.66,29.3835,-82.2042
2019,38,38798.87,0,368.1,0,27.19,11.54,1359.54,29.3835,-82.2042
2019,39,38887.46,0,357.08,0,26.48,11.76,1379.78,29.3835,-82.2042
2019,40,38977.1,0,262.82,0,21.83,12.63,1461.35,29.3835,-82.2042
2019,41,39067.75,1.15,232.81,0,22.14,14.3,1628.64,29.3835,-82.2042
2019,42,39159.38,0,325.9,0,27.8,15.48,1758.35,29.3835,-82.2042
2019,43,39251.96,3.53,241.96,0,28.07,16.02,1819.55,29.3835,-82.2042
2019,44,39345.46,1.52,209.55,0,17.01,10.54,1272.74,29.3835,-82.2042
2019,45,39439.85,0,442.37,0,22.4,2.54,733.27,29.3835,-82.2042
2019,46,39535.09,0,420.97,0,24.74,6.82,989.36,29.3835,-82.2042
2019,47,39631.16,0,390.52,0,25.85,10.45,1265.03,29.3835,-82.2042
2019,48,39728.03,0,341.14,0,28.49,15.76,1789.1,29.3835,-82.2042
2019,49,39825.66,0,324.54,0,29.9,17.95,2056.28,29.3835,-82.2042
2019,50,39924.03,0,325.59,0,27.59,16.08,1826.97,29.3835,-82.2042
2019,51,40023.11,0.58,343.65,0,29.19,16.67,1896.55,29.3835,-82.2042
2019,52,40122.86,0,340.28,0,29.55,17.42,1989.36,29.3835,-82.2042
2019,53,40223.28,0,348.43,0,30.16,17.7,2024.01,29.3835,-82.2042
2019,54,40324.31,0,329.02,0,30.8,19.2,2223.78,29.3835,-82.2042
2019,55,40425.95,4.27,235.8,0,28.63,18.22,2091.72,29.3835,-82.2042
2019,56,40528.15,0,399.67,0,23.83,10.25,1247.79,29.3835,-82.2042
2019,57,40630.91,6.6,234.17,0,20.98,11.57,1362.45,29.3835,-82.2042
2019,58,40734.18,3.02,259.11,0,25.12,14.03,1601.29,29.3835,-82.2042
2019,59,40837.95,0,344,0,25.85,14.94,1697.79,29.3835,-82.2042
2019,60,40942.2,0,356.78,0,27.6,15.94,1809.84,29.3835,-82.2042
2019,61,41046.88,0,372.75,0,27.25,15.09,1714.64,29.3835,-82.2042
2019,62,41152,22.01,278.24,0,28.9,16.68,1897.24,29.3835,-82.2042
2019,63,41257.51,0,330.64,0,24.34,14.53,1653.95,29.3835,-82.2042
2019,64,41363.39,0,294.17,0,16.17,8.24,1090.08,29.3835,-82.2042
2019,65,41469.63,0,420.89,0,15.17,2.6,736.36,29.3835,-82.2042
2019,66,41576.2,0,512.04,0,21.42,0.92,652.94,29.3835,-82.2042
2019,67,41683.08,0,498.4,0,25.42,5.7,915.35,29.3835,-82.2042
2019,68,41790.24,0,490.17,0,27.89,8.46,1106.35,29.3835,-82.2042
2019,69,41897.67,0,440.61,0,29.85,14.01,1598.56,29.3835,-82.2042
2019,70,42005.34,0,393.4,0,29.47,16.31,1853.51,29.3835,-82.2042
2019,71,42113.24,0,339.94,0,26.27,15.85,1800.14,29.3835,-82.2042
2019,72,42221.33,0,405.65,0,26.78,13.63,1559.95,29.3835,-82.2042
2019,73,42329.61,0,416.05,0,28.45,14.54,1654.11,29.3835,-82.2042
2019,74,42438.04,0,423.01,0,29.94,15.24,1730.8,29.3835,-82.2042
2019,75,42546.62,2.23,226.82,0,24.39,15.69,1781.26,29.3835,-82.2042
2019,76,42655.32,0.39,244.35,0,19.34,12.95,1492.44,29.3835,-82.2042
2019,77,42764.11,0,391.79,0,22.11,11.01,1313.25,29.3835,-82.2042
2019,78,42872.98,0,347.82,0,21.15,11.82,1385.66,29.3835,-82.2042
2019,79,42981.92,0,395.11,0,22.7,11.65,1369.49,29.3835,-82.2042
2019,80,43090.89,0,486.82,0,23.11,7.6,1043.67,29.3835,-82.2042
2019,81,43199.88,0,520.87,0,24.58,6.15,944.35,29.3835,-82.2042
2019,82,43308.87,0,538.46,0,25.89,5.23,872.82,29.3835,-82.2042
2019,83,43417.85,0,517.91,0,26.93,8.2,1036.42,29.3835,-82.2042
2019,84,43526.78,0,486.46,0,28.2,11.46,1304.78,29.3835,-82.2042
2019,85,43635.65,11.49,321.45,0,27.27,13.74,1571.12,29.3835,-82.2042
2019,86,43744.45,2.43,248.86,0,22.07,12.95,1491.82,29.3835,-82.2042
2019,87,43853.14,0,421.92,0,24.85,12.17,1417.62,29.3835,-82.2042
2019,88,43961.72,0,474.01,0,26.19,10.77,1282.42,29.3835,-82.2042
2019,89,44070.15,0,476.92,0,27.94,12,1372.2,29.3835,-82.2042
2019,90,44178.43,2.52,351.5,0,28.45,12.76,1473.73,29.3835,-82.2042
2019,91,44286.53,8.99,185.28,0,18.9,12.41,1439.89,29.3835,-82.2042
2019,92,44394.42,9.22,277.67,0,22.35,12,1401.87,29.3835,-82.2042
2019,93,44502.09,0,491.42,0,24.06,8.25,1090.42,29.3835,-82.2042
2019,94,44609.52,6.4,369.44,0,27.31,10.64,1280.59,29.3835,-82.2042
2019,95,44716.69,0.69,398.13,0,27.22,15.09,1714.1,29.3835,-82.2042
2019,96,44823.57,0,424.58,0,30.48,16.91,1925.92,29.3835,-82.2042
2019,97,44930.14,0,444.39,0,30.74,16.42,1867.2,29.3835,-82.2042
2019,98,45036.38,12.36,297.35,0,30.48,18.45,2121.8,29.3835,-82.2042
2019,99,45142.26,5.16,254.25,0,28.92,19.29,2235.78,29.3835,-82.2042
2019,100,45247.77,0,401.07,0,28.22,16.65,1894.66,29.3835,-82.2042
2019,101,45352.89,0,459.14,0,30.05,15.7,1782.34,29.3835,-82.2042
2019,102,45457.58,0,452.7,0,31.48,17.13,1952.38,29.3835,-82.2042
2019,103,45561.82,0,401.66,0,31.51,19.38,2248.48,29.3835,-82.2042
2019,104,45665.59,2.59,261.25,0,31.05,20.98,2483.5,29.3835,-82.2042
2019,105,45768.87,0,452.35,0,26.74,13.51,1548.06,29.3835,-82.2042
2019,106,45871.62,0,555.1,0,28.01,8.22,1058.62,29.3835,-82.2042
2019,107,45973.83,0,514.87,0,29.1,11.8,1366.96,29.3835,-82.2042
2019,108,46075.47,2.04,371.6,0,31.03,14.2,1618.69,29.3835,-82.2042
2019,109,46176.5,25.83,290.81,0,27.99,16.51,1877.53,29.3835,-82.2042
2019,110,46276.92,0.28,388.63,0,22.7,11.96,1398.22,29.3835,-82.2042
2019,111,46376.68,0,524.25,0,25.22,8.33,1096.69,29.3835,-82.2042
2019,112,46475.76,0,553.49,0,28.05,8.66,1093.19,29.3835,-82.2042
2019,113,46574.13,0,549.35,0,29.59,10.15,1201.79,29.3835,-82.2042
2019,114,46671.76,0,528.27,0,30.2,12.26,1340.01,29.3835,-82.2042
2019,115,46768.63,14.45,363.37,0,30.09,14.45,1645.29,29.3835,-82.2042
2019,116,46864.7,5.89,313.17,0,29.14,16.55,1882.29,29.3835,-82.2042
2019,117,46959.94,0,525.67,0,28.87,11.13,1283.41,29.3835,-82.2042
2019,118,47054.33,0,533.05,0,30.54,12.27,1237.08,29.3835,-82.2042
2019,119,47147.83,0,500.61,0,30.72,14.29,1445.32,29.3835,-82.2042
2019,120,47240.42,0,469.89,0,31.71,16.6,1709.32,29.3835,-82.2042
2019,121,47332.05,0,397.3,0,30.74,18.51,2055.62,29.3835,-82.2042
2019,122,47422.71,6.53,260.33,0,30.47,19.96,2330.89,29.3835,-82.2042
2019,123,47512.35,0,334.57,0,30,20.08,2349.26,29.3835,-82.2042
2019,124,47600.94,19.88,284.3,0,31.62,20.07,2347.35,29.3835,-82.2042
2019,125,47688.45,34.37,226.06,0,28.89,20.3,2380.65,29.3835,-82.2042
2019,126,47774.85,0,374.71,0,31.49,20.25,2374.05,29.3835,-82.2042
2019,127,47860.11,0,443.02,0,32.54,18.54,2124.09,29.3835,-82.2042
2019,128,47944.18,0,418.92,0,31.22,18.45,2121.9,29.3835,-82.2042
2019,129,48027.04,0,394.56,0,31.03,19.15,2216.5,29.3835,-82.2042
2019,130,48108.65,0,384.71,0,32.07,20.36,2389.52,29.3835,-82.2042
2019,131,48188.97,0,416.5,0,32.71,19.73,2298.66,29.3835,-82.2042
2019,132,48267.98,0,380.71,0,32.09,20.62,2427.95,29.3835,-82.2042
2019,133,48345.63,15.88,232.89,0,29.38,20.62,2428.05,29.3835,-82.2042
2019,134,48421.9,0,354.05,0,29.27,19.21,2224.98,29.3835,-82.2042
2019,135,48496.75,0,442.93,0,29.73,16.47,1873.16,29.3835,-82.2042
2019,136,48570.13,0,480.61,0,31.06,16.07,1799.62,29.3835,-82.2042
2019,137,48642.03,0,473.42,0,31.84,17.08,1920.22,29.3835,-82.2042
2019,138,48712.39,0,479.94,0,32.2,17.11,1912.84,29.3835,-82.2042
2019,139,48781.2,0,518.3,0,32.68,15.37,1667.89,29.3835,-82.2042
2019,140,48848.41,0,465.79,0,33.6,18.58,2104.75,29.3835,-82.2042
2019,141,48913.98,0,436.32,0,34.45,20.53,2414,29.3835,-82.2042
2019,142,48977.9,0,417.23,0,34.08,21.16,2510.91,29.3835,-82.2042
2019,143,49040.11,0,453.32,0,33.33,19.27,2212.8,29.3835,-82.2042
2019,144,49100.6,0,506.77,0,33.83,17.21,1873.56,29.3835,-82.2042
2019,145,49159.32,0,502.45,0,35.55,18.63,2040.52,29.3835,-82.2042
2019,146,49216.24,0,493,0,35.99,19.37,2132.22,29.3835,-82.2042
2019,147,49271.34,0,461.44,0,36.45,21.25,2443.03,29.3835,-82.2042
2019,148,49324.57,21.62,329.24,0,36.6,22.32,2694.38,29.3835,-82.2042
2019,149,49375.92,0,458.46,0,35.85,21.02,2457.27,29.3835,-82.2042
2019,150,49425.35,0,466.39,0,35.75,20.59,2381.51,29.3835,-82.2042
2019,151,49472.83,11.74,315.96,0,34.64,21.64,2585.02,29.3835,-82.2042
2019,152,49518.33,0,373.77,0,34.67,23.4,2876.2,29.3835,-82.2042
2019,153,49561.83,2.98,286.21,0,34.46,22.92,2793.98,29.3835,-82.2042
2019,154,49603.29,0,376.03,0,34.91,23.47,2888.48,29.3835,-82.2042
2019,155,49642.71,20.43,311.03,0,35.84,22.63,2746.4,29.3835,-82.2042
2019,156,49680.04,0,405.24,0,34.37,21.85,2619.33,29.3835,-82.2042
2019,157,49715.26,0,339.33,0,32.77,22.9,2792.15,29.3835,-82.2042
2019,158,49748.36,19.63,230.65,0,32.01,23.3,2858.94,29.3835,-82.2042
2019,159,49779.32,4.99,241.16,0,31.91,22.85,2782.09,29.3835,-82.2042
2019,160,49808.11,25.32,179.58,0,28.25,21.99,2641.76,29.3835,-82.2042
2019,161,49834.71,5.55,285.23,0,32.21,21.42,2550.42,29.3835,-82.2042
2019,162,49859.11,2.23,260.94,0,31.97,22.28,2688.27,29.3835,-82.2042
2019,163,49881.29,22.61,209.59,0,29.89,22.47,2720.21,29.3835,-82.2042
2019,164,49901.23,12.88,191.95,0,28.8,22.17,2670.55,29.3835,-82.2042
2019,165,49918.93,0,346.68,0,30.74,21.45,2555.74,29.3835,-82.2042
2019,166,49934.38,0,406.26,0,32.44,21.03,2490.07,29.3835,-82.2042
2019,167,49947.55,1.17,399.93,0,33.23,21.96,2635.8,29.3835,-82.2042
2019,168,49958.45,8.98,280.65,0,31.89,21.82,2613.62,29.3835,-82.2042
2019,169,49967.06,5.54,257.26,0,31.68,22.75,2765.56,29.3835,-82.2042
2019,170,49973.38,28.54,228.91,0,30.86,23.21,2844.96,29.3835,-82.2042
2019,171,49977.41,5.04,270.4,0,32.57,23.22,2845.37,29.3835,-82.2042
2019,172,49979.13,0,349.25,0,34.09,24.87,3143.07,29.3835,-82.2042
2019,173,49978.56,0,372.88,0,34.03,24.2,3018.67,29.3835,-82.2042
2019,174,49975.7,0,409.04,0,34.47,23.49,2892.02,29.3835,-82.2042
2019,175,49970.53,0,444.26,0,34.81,22.54,2731.71,29.3835,-82.2042
2019,176,49963.08,0,433.57,0,35.5,23.57,2907.49,29.3835,-82.2042
2019,177,49953.33,0,436.6,0,35.31,23.41,2877.98,29.3835,-82.2042
2019,178,49941.31,0,471.93,0,34.43,21.34,2538.62,29.3835,-82.2042
2019,179,49927.01,6.95,344.24,0,34.16,21.77,2605.93,29.3835,-82.2042
2019,180,49910.44,0,440.47,0,33.08,21.79,2608.9,29.3835,-82.2042
2019,181,49891.63,32.85,332.76,0,33.16,21.77,2606.3,29.3835,-82.2042
2019,182,49870.57,0,451.8,0,34.64,22.53,2728.93,29.3835,-82.2042
2019,183,49847.29,0.55,437.47,0,35.48,23.7,2929.13,29.3835,-82.2042
2019,184,49821.8,0,425.95,0,35.76,24.33,3042.33,29.3835,-82.2042
2019,185,49794.11,7.61,325.04,0,35.17,23.65,2920.01,29.3835,-82.2042
2019,186,49764.25,49.64,304.16,0,32.64,22.74,2763.97,29.3835,-82.2042
2019,187,49732.23,2.5,297.01,0,31.54,22.15,2667.62,29.3835,-82.2042
2019,188,49698.07,5.26,290.96,0,31.74,22.54,2731.17,29.3835,-82.2042
2019,189,49661.8,0,428.65,0,33.52,22.62,2743.9,29.3835,-82.2042
2019,190,49623.43,0,387.42,0,33.12,23.57,2907.43,29.3835,-82.2042
2019,191,49583,0,339.25,0,32,24.06,2992.79,29.3835,-82.2042
2019,192,49540.52,10.99,306.61,0,33.18,23,2808.66,29.3835,-82.2042
2019,193,49496.03,11.42,305.19,0,32.9,22.78,2771.65,29.3835,-82.2042
2019,194,49449.54,0,425.21,0,33.02,22.17,2669.71,29.3835,-82.2042
2019,195,49401.09,0,435.09,0,34.59,22.93,2797.17,29.3835,-82.2042
2019,196,49350.71,0,435,0,34.87,23.13,2831.15,29.3835,-82.2042
2019,197,49298.42,0.04,442.43,0,34.89,22.85,2782.2,29.3835,-82.2042
2019,198,49244.26,8.25,327.48,0,34.3,22.59,2739.8,29.3835,-82.2042
2019,199,49188.26,0,450.23,0,33.17,21.16,2510.36,29.3835,-82.2042
2019,200,49130.44,9.21,328.43,0,34,22.14,2665.05,29.3835,-82.2042
2019,201,49070.84,9.36,336.42,0,34.08,21.7,2594.28,29.3835,-82.2042
2019,202,49009.49,11.24,323.29,0,33.17,21.63,2583.21,29.3835,-82.2042
2019,203,48946.43,0.74,447.32,0,32.97,20.81,2456.65,29.3835,-82.2042
2019,204,48881.69,11.2,297.44,0,31.96,21.8,2611.32,29.3835,-82.2042
2019,205,48815.3,14.07,222.2,0,28.91,22.05,2650.55,29.3835,-82.2042
2019,206,48747.29,13.5,197.1,0,27.39,21.56,2571.96,29.3835,-82.2042
2019,207,48677.71,16.68,228.12,0,28.3,21.5,2562.65,29.3835,-82.2042
2019,208,48606.58,0,402.09,0,31.23,21.47,2558.21,29.3835,-82.2042
2019,209,48533.94,0,403.24,0,31.75,21.91,2627.8,29.3835,-82.2042
2019,210,48459.83,0,413.01,0,32.17,21.95,2635.21,29.3835,-82.2042
2019,211,48384.28,0,447.29,0,33.65,21.86,2620.25,29.3835,-82.2042
2019,212,48307.32,6.08,328.13,0,34.09,22.56,2734.66,29.3835,-82.2042
2019,213,48228.99,0.31,422.32,0,32.04,21.56,2571.95,29.3835,-82.2042
2019,214,48149.32,0,356.93,0,30.7,22.46,2718.23,29.3835,-82.2042
2019,215,48068.36,0,428.37,0,32.8,22.02,2646.11,29.3835,-82.2042
2019,216,47986.12,0,416.59,0,33.34,22.82,2777.36,29.3835,-82.2042
2019,217,47902.66,10.74,304.42,0,32.81,22.73,2762.74,29.3835,-82.2042
2019,218,47818,14.8,280.79,0,32.14,23.14,2832.72,29.3835,-82.2042
2019,219,47732.17,8.57,247.7,0,30.97,23.41,2879.16,29.3835,-82.2042
2019,220,47645.21,7.55,284.48,0,32.83,23.62,2915.98,29.3835,-82.2042
2019,221,47557.16,0,393.6,0,33.8,23.91,2966.41,29.3835,-82.2042
2019,222,47468.05,0,380.27,0,34.4,24.8,3128.82,29.3835,-82.2042
2019,223,47377.9,43.84,295.34,0,34.36,24.33,3042.67,29.3835,-82.2042
2019,224,47286.76,19,302.42,0,33.88,23.65,2920.49,29.3835,-82.2042
2019,225,47194.65,0,405.7,0,33.99,23.67,2923.83,29.3835,-82.2042
2019,226,47101.6,20.83,275.9,0,32.45,23.66,2922.77,29.3835,-82.2042
2019,227,47007.66,34.1,234.95,0,30.82,23.8,2947.38,29.3835,-82.2042
2019,228,46912.84,39.77,132.46,0,27.01,23.45,2884.98,29.3835,-82.2042
2019,229,46817.18,8.71,133.25,0,26.29,22.83,2780.31,29.3835,-82.2042
2019,230,46720.71,10.63,233.31,0,29.33,22.91,2792.94,29.3835,-82.2042
2019,231,46623.46,9.4,308.37,0,31.69,22.34,2698.87,29.3835,-82.2042
2019,232,46525.46,0,438.13,0,32.9,22.37,2703.19,29.3835,-82.2042
2019,233,46426.74,0,456.18,0,33.77,22.29,2689.37,29.3835,-82.2042
2019,234,46327.32,0,440.77,0,33.66,22.77,2770.12,29.3835,-82.2042
2019,235,46227.23,0,436.36,0,33.79,22.91,2793.32,29.3835,-82.2042
2019,236,46126.5,0,435.38,0,34.33,23.18,2839.61,29.3835,-82.2042
2019,237,46025.17,0,404.34,0,33.31,23.44,2883.67,29.3835,-82.2042
2019,238,45923.24,22.68,316.67,0,33.76,23.11,2826.21,29.3835,-82.2042
2019,239,45820.76,5.92,312.01,0,32.58,22.39,2706.33,29.3835,-82.2042
2019,240,45717.74,2.66,307.48,0,33.13,22.99,2807.43,29.3835,-82.2042
2019,241,45614.22,0,422.91,0,34.01,23.19,2840.59,29.3835,-82.2042
2019,242,45510.21,9.85,291.02,0,32.25,23.05,2816.2,29.3835,-82.2042
2019,243,45405.74,0,396.47,0,33.25,23.55,2903.56,29.3835,-82.2042
2019,244,45300.84,9.81,266.68,0,32.45,24.13,3006.03,29.3835,-82.2042
2019,245,45195.53,5.82,254.42,0,31.75,24.03,2988.03,29.3835,-82.2042
2019,246,45089.83,16.06,263.43,0,31.61,23.61,2914.18,29.3835,-82.2042
2019,247,44983.76,1.8,354.95,0,30.99,23.01,2810.19,29.3835,-82.2042
2019,248,44877.36,0,411.63,0,34.25,23.73,2934.19,29.3835,-82.2042
2019,249,44770.63,0,406.99,0,34.28,23.81,2948.8,29.3835,-82.2042
2019,250,44663.61,0,476.95,0,34.63,20.58,2422.22,29.3835,-82.2042
2019,251,44556.31,0,463.78,0,34.86,21.31,2534.13,29.3835,-82.2042
2019,252,44448.76,0,447.72,0,34.91,22.04,2648.58,29.3835,-82.2042
2019,253,44340.97,0,430.49,0,34.06,22.16,2669.04,29.3835,-82.2042
2019,254,44232.98,0,421.25,0,33.2,21.84,2617.75,29.3835,-82.2042
2019,255,44124.79,0,397.23,0,32.85,22.46,2718.04,29.3835,-82.2042
2019,256,44016.43,0,351.03,0,31.7,23.03,2813.49,29.3835,-82.2042
2019,257,43907.92,0,373.92,0,32.48,22.84,2780.78,29.3835,-82.2042
2019,258,43799.28,1.65,349.31,0,32.57,23.55,2902.26,29.3835,-82.2042
2019,259,43690.54,0,388.81,0,33.7,22.85,2782.28,29.3835,-82.2042
2019,260,43581.7,0,440.88,0,34.88,21.07,2496.5,29.3835,-82.2042
2019,261,43472.8,0,423.16,0,32.96,20.47,2406.46,29.3835,-82.2042
2019,262,43363.84,1.01,350.94,0,30.21,21.02,2489.12,29.3835,-82.2042
2019,263,43254.86,0,381.18,0,30.57,20.27,2376.4,29.3835,-82.2042
2019,264,43145.86,0,390.24,0,30.43,19.76,2302.69,29.3835,-82.2042
2019,265,43036.88,0,422.51,0,31.06,18.8,2169.68,29.3835,-82.2042
2019,266,42927.92,0,430.05,0,31.35,18.53,2132.48,29.3835,-82.2042
2019,267,42819.01,0,470.91,0,33.13,16.97,1933.24,29.3835,-82.2042
2019,268,42710.18,0,450.11,0,34.32,18.89,2180.93,29.3835,-82.2042
2019,269,42601.43,0,402.71,0,33.81,21.03,2489.88,29.3835,-82.2042
2019,270,42492.79,0,381.13,0,33.32,21.52,2565.67,29.3835,-82.2042
2019,271,42384.28,0,400.41,0,32.45,19.86,2317.68,29.3835,-82.2042
2019,272,42275.92,0,410.49,0,32.87,19.47,2262.01,29.3835,-82.2042
2019,273,42167.73,0,372.26,0,33.25,21.41,2549.37,29.3835,-82.2042
2019,274,42059.74,0,341.76,0,32.75,22.14,2665.86,29.3835,-82.2042
2019,275,41951.95,0,345.9,0,32.07,21.3,2532.69,29.3835,-82.2042
2019,276,41844.39,0,402.43,0,32.86,19.12,2213.1,29.3835,-82.2042
2019,277,41737.09,0,429.2,0,33.03,17.32,1976.37,29.3835,-82.2042
2019,278,41630.07,0,382.52,0,32.18,19.15,2217.1,29.3835,-82.2042
2019,279,41523.34,0.98,309.98,0,31.11,21.28,2529.45,29.3835,-82.2042
2019,280,41416.93,32.71,165.61,0,28.31,21.85,2618.96,29.3835,-82.2042
2019,281,41310.87,5.67,199.34,0,29.73,21.77,2605.78,29.3835,-82.2042
2019,282,41205.16,0,212.63,0,27.56,21.52,2566.77,29.3835,-82.2042
2019,283,41099.85,0,339.84,0,30.31,19.66,2288.37,29.3835,-82.2042
2019,284,40994.94,0,370.92,0,30.19,18.12,2078.13,29.3835,-82.2042
2019,285,40890.47,0,407.18,0,30.03,15.83,1798.12,29.3835,-82.2042
2019,286,40786.46,0,388.91,0,30.3,16.83,1916.33,29.3835,-82.2042
2019,287,40682.93,0,385.23,0,31.4,17.63,2015.8,29.3835,-82.2042
2019,288,40579.91,1.51,323.64,0,30.9,20.06,2345.82,29.3835,-82.2042
2019,289,40477.43,0.54,289.66,0,30.99,21.45,2555.17,29.3835,-82.2042
2019,290,40375.5,0,295.51,0,26.16,17.13,1953.1,29.3835,-82.2042
2019,291,40274.16,17.09,201.53,0,23.5,15.7,1782.37,29.3835,-82.2042
2019,292,40173.43,7.08,205.96,0,27.62,19.13,2214.79,29.3835,-82.2042
2019,293,40073.34,0,288.9,0,28.88,19.68,2290.84,29.3835,-82.2042
2019,294,39973.91,12.5,235.92,0,27.75,17.65,2018.05,29.3835,-82.2042
2019,295,39875.18,1.62,334.33,0,31.45,19.73,2298.02,29.3835,-82.2042
2019,296,39777.18,0,345.9,0,26.57,15.16,1722.44,29.3835,-82.2042
2019,297,39679.92,0,376.71,0,29.66,15.89,1805.08,29.3835,-82.2042
2019,298,39583.45,3.45,238.28,0,30.78,19.89,2321.32,29.3835,-82.2042
2019,299,39487.78,8.48,218.68,0,30.81,21.01,2487.29,29.3835,-82.2042
2019,300,39392.96,2.18,169.51,0,29.06,21.96,2636.25,29.3835,-82.2042
2019,301,39299.01,9.64,223.3,0,31.05,20.97,2482.03,29.3835,-82.2042
2019,302,39205.96,4.5,199.6,0,31.72,22.81,2775.6,29.3835,-82.2042
2019,303,39113.84,0,266.97,0,31.44,22.54,2731.81,29.3835,-82.2042
2019,304,39022.69,0,313.71,0,31.64,20.6,2426.16,29.3835,-82.2042
2019,305,38932.54,0,313.03,0,23.28,13.61,1557.7,29.3835,-82.2042
2019,306,38843.42,0,294.23,0,23.12,14.27,1625.81,29.3835,-82.2042
2019,307,38755.36,0,393.91,0,25.49,10.64,1280.62,29.3835,-82.2042
2019,308,38668.4,0,379.95,0,27.39,12.93,1490.5,29.3835,-82.2042
2019,309,38582.56,0,273.75,0,27.08,18.34,2106.84,29.3835,-82.2042
2019,310,38497.89,0,241.33,0,27.91,20.18,2363.53,29.3835,-82.2042
2019,311,38414.42,0,284.9,0,29.58,19.77,2304.69,29.3835,-82.2042
2019,312,38332.18,5.98,167.45,0,23.86,17.04,1941.92,29.3835,-82.2042
2019,313,38251.2,0,335.63,0,23.97,12.39,1438.56,29.3835,-82.2042
2019,314,38171.53,0,375.06,0,24.13,9.6,1195.03,29.3835,-82.2042
2019,315,38093.19,0,390.6,0,27.01,9.64,1198.35,29.3835,-82.2042
2019,316,38016.22,0,374.83,0,27.72,11.6,1365.45,29.3835,-82.2042
2019,317,37940.66,0,352.43,0,19.63,7,1001.3,29.3835,-82.2042
2019,318,37866.54,27.74,255.69,0,20.44,8.27,1091.88,29.3835,-82.2042
2019,319,37793.89,0.87,160.8,0,17.14,12.42,1440.88,29.3835,-82.2042
2019,320,37722.75,0,111.03,0,13.24,10.21,1244.37,29.3835,-82.2042
2019,321,37653.16,0,157.16,0,13.14,8.74,1127.4,29.3835,-82.2042
2019,322,37585.14,0,351.67,0,21.86,8.47,1107.09,29.3835,-82.2042
2019,323,37518.74,0,341.24,0,20.29,7.69,1049.69,29.3835,-82.2042
2019,324,37453.99,0,376.5,0,22.58,5.91,928.64,29.3835,-82.2042
2019,325,37390.92,0,378.58,0,24.04,6.18,946.48,29.3835,-82.2042
2019,326,37329.56,0,359.91,0,25.2,8.98,1145.71,29.3835,-82.2042
2019,327,37269.95,9.53,264.3,0,25.86,9.98,1225.77,29.3835,-82.2042
2019,328,37212.12,0,289.77,0,20.42,9.83,1213.03,29.3835,-82.2042
2019,329,37156.1,0,349.11,0,19.25,4.65,851.07,29.3835,-82.2042
2019,330,37101.93,0,365.53,0,21.72,4.39,835.49,29.3835,-82.2042
2019,331,37049.63,0,367.92,0,26.28,6.69,980.28,29.3835,-82.2042
2019,332,36999.23,0,325.29,0,26.29,11.2,1329.93,29.3835,-82.2042
2019,333,36950.77,0,339.27,0,25.3,8.81,1132.92,29.3835,-82.2042
2019,334,36904.27,0,337.95,0,26.33,9.4,1178.98,29.3835,-82.2042
2019,335,36859.76,0,299.66,0,27.23,13.17,1513.32,29.3835,-82.2042
2019,336,36817.27,0,275.7,0,20.05,8.47,1107.35,29.3835,-82.2042
2019,337,36776.83,0,310.3,0,14.09,0.94,653.76,29.3835,-82.2042
2019,338,36738.45,0,332.1,0,18.46,2.98,756.4,29.3835,-82.2042
2019,339,36702.16,0,340.97,0,20.75,3.65,792.94,29.3835,-82.2042
2019,340,36667.99,0,354.13,0,23.32,3.46,782.74,29.3835,-82.2042
2019,341,36635.96,0,332.02,0,22.49,5.17,882.25,29.3835,-82.2042
2019,342,36606.08,0,278.78,0,25.09,11.48,1354.32,29.3835,-82.2042
2019,343,36578.38,0,295.01,0,26.98,11.69,1373.08,29.3835,-82.2042
2019,344,36552.87,0,294.37,0,27.43,12.03,1404.16,29.3835,-82.2042
2019,345,36529.57,0,199.71,0,22.28,13.45,1541.52,29.3835,-82.2042
2019,346,36508.5,6.94,142.79,0,22.5,14.21,1619.92,29.3835,-82.2042
2019,347,36489.67,18.11,103.34,0,21.86,16.05,1823.22,29.3835,-82.2042
2019,348,36473.1,0,216.95,0,21.71,12.39,1437.81,29.3835,-82.2042
2019,349,36458.78,0,320.32,0,23.01,6.38,959.52,29.3835,-82.2042
2019,350,36446.74,0,327.15,0,26.76,8.07,1077.53,29.3835,-82.2042
2019,351,36436.98,6.08,188.62,0,26.92,14.22,1620.29,29.3835,-82.2042
2019,352,36429.51,0,220.7,0,16.5,6.75,984.09,29.3835,-82.2042
2019,353,36424.33,0,310.22,0,18.71,2.93,753.53,29.3835,-82.2042
2019,354,36421.45,0,294.49,0,20.64,5.93,930.43,29.3835,-82.2042
2019,355,36420.86,2.73,169.34,0,23.26,12.75,1472.25,29.3835,-82.2042
2019,356,36422.58,53.72,102.16,0,20.91,15.04,1708.6,29.3835,-82.2042
2019,357,36426.59,19.8,137.82,0,21.18,13.28,1524.95,29.3835,-82.2042
2019,358,36432.89,0.4,153.7,0,18.07,11.78,1381.49,29.3835,-82.2042
2019,359,36441.49,0,222.63,0,23.31,13.54,1550.28,29.3835,-82.2042
2019,360,36452.37,0,216.1,0,24.05,14.68,1670.09,29.3835,-82.2042
2019,361,36465.53,0.83,242.53,0,25.83,15.09,1714.19,29.3835,-82.2042
2019,362,36480.96,5.08,119.34,0,24.9,18.34,2107.5,29.3835,-82.2042
2019,363,36498.64,1.54,166.51,0,26.68,19.8,2307.95,29.3835,-82.2042
2019,364,36518.57,0.7,194.16,0,25.67,17.88,2047.13,29.3835,-82.2042
2019,365,36540.74,0,281.85,0,19.82,8.47,1106.74,29.3835,-82.2042
2020,1,36565.24,0,286.01,0,19.44,6.7,980.69,29.3835,-82.2042
2020,2,36591.83,0,333.08,0,25.6,7.93,1066.88,29.3835,-82.2042
2020,3,36620.62,0,270.84,0,28,15.04,1708.61,29.3835,-82.2042
2020,4,36651.57,19.97,159.15,0,23.82,14.71,1673.04,29.3835,-82.2042
2020,5,36684.66,0,300.39,0,18.32,4.94,868.53,29.3835,-82.2042
2020,6,36719.88,0,345.82,0,20.17,2.65,738.99,29.3835,-82.2042
2020,7,36757.21,0,348.21,0,22.41,4.31,830.75,29.3835,-82.2042
2020,8,36796.62,0,342.53,0,19.88,3.03,758.94,29.3835,-82.2042
2020,9,36838.08,0,369.59,0,24.5,3.03,759.04,29.3835,-82.2042
2020,10,36881.57,0,333.2,0,26.51,9.49,1185.68,29.3835,-82.2042
2020,11,36927.07,0,248.77,0,27.98,16.75,1905.7,29.3835,-82.2042
2020,12,36974.55,0,245.12,0,28.71,17.61,2013.26,29.3835,-82.2042
2020,13,37023.97,0,231.77,0,28.05,17.8,2037.51,29.3835,-82.2042
2020,14,37075.31,0,284.57,0,27.47,14.43,1643.29,29.3835,-82.2042
2020,15,37128.54,0,266.5,0,27.87,15.92,1807.72,29.3835,-82.2042
2020,16,37183.64,0,258.79,0,26.85,15.55,1765.86,29.3835,-82.2042
2020,17,37240.56,0,228.66,0,23.16,13.87,1584.74,29.3835,-82.2042
2020,18,37299.27,0,314.67,0,25.02,10.79,1293.78,29.3835,-82.2042
2020,19,37359.75,0.53,301.82,0,24.51,11.33,1341.25,29.3835,-82.2042
2020,20,37421.96,0,279.51,0,14.43,3.65,793.36,29.3835,-82.2042
2020,21,37485.87,0,252.97,0,10.96,1.69,689.78,29.3835,-82.2042
2020,22,37551.45,0,355.25,0,14.92,-0.45,591.01,29.3835,-82.2042
2020,23,37618.65,0,331.5,0,19.31,5.35,893.55,29.3835,-82.2042
2020,24,37687.45,0.77,298.86,0,23,10.67,1283.86,29.3835,-82.2042
2020,25,37757.82,0,300.53,0,20.18,8.2,1087.02,29.3835,-82.2042
2020,26,37829.71,0,357.69,0,19.51,4.01,813.32,29.3835,-82.2042
2020,27,37903.09,0,268.62,0,19.13,9.01,1148.1,29.3835,-82.2042
2020,28,37977.93,0,324.52,0,19.34,6.39,960.44,29.3835,-82.2042
2020,29,38054.2,0,351.08,0,17.64,3.31,774.15,29.3835,-82.2042
2020,30,38131.85,0,252.69,0,17.7,8.58,1115.34,29.3835,-82.2042
2020,31,38210.85,0.4,252.51,0,20.53,11.33,1341.14,29.3835,-82.2042
2020,32,38291.18,0.3,186.86,0,16.17,9.98,1225.81,29.3835,-82.2042
2020,33,38372.78,0,338.15,0,17.95,5.34,892.74,29.3835,-82.2042
2020,34,38455.64,0,412.15,0,23.59,3.67,794.05,29.3835,-82.2042
2020,35,38539.71,0,400.03,0,23.42,5.11,878.84,29.3835,-82.2042
2020,36,38624.96,0,381.72,0,26.59,9.53,1189.59,29.3835,-82.2042
2020,37,38711.36,18.44,244.64,0,28.19,15,1704.1,29.3835,-82.2042
2020,38,38798.87,0,283.13,0,17.57,8,1072.05,29.3835,-82.2042
2020,39,38887.46,0,422.17,0,20.59,2.08,709.53,29.3835,-82.2042
2020,40,38977.1,0,426.96,0,23.55,4.09,798.61,29.3835,-82.2042
2020,41,39067.75,0,417.3,0,27.38,8.31,1007.35,29.3835,-82.2042
2020,42,39159.38,0,358.37,0,28.39,14.14,1417.27,29.3835,-82.2042
2020,43,39251.96,0,300.63,0,28.81,17.54,1841.71,29.3835,-82.2042
2020,44,39345.46,2.04,220.33,0,29.45,18.3,2102.61,29.3835,-82.2042
2020,45,39439.85,0.79,253.33,0,21.44,13.04,1500.93,29.3835,-82.2042
2020,46,39535.09,0,402.46,0,23.5,7.89,902.64,29.3835,-82.2042
2020,47,39631.16,3.08,303.33,0,26.34,9.73,1133.81,29.3835,-82.2042
2020,48,39728.03,0,311.74,0,23.87,13.04,1421.91,29.3835,-82.2042
2020,49,39825.66,0,357.37,0,29.07,15.59,1541.13,29.3835,-82.2042
2020,50,39924.03,0,286.04,0,27.33,17.3,1884.91,29.3835,-82.2042
2020,51,40023.11,1.87,319.17,0,24.96,13.94,1470.53,29.3835,-82.2042
2020,52,40122.86,0,262.17,0,13.68,5.81,922.81,29.3835,-82.2042
2020,53,40223.28,0,434.31,0,18.69,2.69,626.55,29.3835,-82.2042
2020,54,40324.31,0,462.84,0,23.27,4.14,643,29.3835,-82.2042
2020,55,40425.95,0,437.09,0,25.51,8.45,871.49,29.3835,-82.2042
2020,56,40528.15,6.67,199.58,0,22.75,14.24,1622.3,29.3835,-82.2042
2020,57,40630.91,24.34,195.25,0,22.13,13.96,1593.54,29.3835,-82.2042
2020,58,40734.18,0,321.22,0,15.02,5.35,893.47,29.3835,-82.2042
2020,59,40837.95,0,433.86,0,16.44,1.53,660.36,29.3835,-82.2042
2020,60,40942.2,0,431.93,0,18.57,3.58,740.73,29.3835,-82.2042
2020,61,41046.88,0,487.09,0,21.86,1.76,606.19,29.3835,-82.2042
2020,62,41152,0,477.16,0,24.91,5.13,755.16,29.3835,-82.2042
2020,63,41257.51,0,379.08,0,27.08,13.53,1433.63,29.3835,-82.2042
2020,64,41363.39,0,377.48,0,29.38,15.81,1641.61,29.3835,-82.2042
2020,65,41469.63,1.01,335.72,0,29.3,17.77,1938.22,29.3835,-82.2042
2020,66,41576.2,0,305.19,0,22.26,12.88,1485.66,29.3835,-82.2042
2020,67,41683.08,0,410.37,0,18.44,5.38,833.18,29.3835,-82.2042
2020,68,41790.24,0,475.61,0,22.21,4.86,730.91,29.3835,-82.2042
2020,69,41897.67,0,457.38,0,24.61,8.42,929.53,29.3835,-82.2042
2020,70,42005.34,0,429.55,0,25.94,11.45,1157.63,29.3835,-82.2042
2020,71,42113.24,0,439.62,0,27.57,12.53,1214.67,29.3835,-82.2042
2020,72,42221.33,0,454.96,0,28.09,12.17,1161.39,29.3835,-82.2042
2020,73,42329.61,0,475.16,0,29.42,11.9,1101.65,29.3835,-82.2042
2020,74,42438.04,0,463.84,0,30.26,13.33,1216.15,29.3835,-82.2042
2020,75,42546.62,0,466.86,0,31.21,13.8,1230.92,29.3835,-82.2042
2020,76,42655.32,0,382.81,0,28.31,15.79,1565.7,29.3835,-82.2042
2020,77,42764.11,0,388.43,0,29.05,16.47,1545.9,29.3835,-82.2042
2020,78,42872.98,0,426.02,0,30.72,16.25,1436.25,29.3835,-82.2042
2020,79,42981.92,0,446.63,0,30.62,15.21,1306.6,29.3835,-82.2042
2020,80,43090.89,0,425.49,0,30.18,15.85,1401.26,29.3835,-82.2042
2020,81,43199.88,0,442.6,0,30.45,15.34,1274.74,29.3835,-82.2042
2020,82,43308.87,0,432.96,0,30.19,15.49,1305.21,29.3835,-82.2042
2020,83,43417.85,0,424.38,0,30.63,16.39,1392.34,29.3835,-82.2042
2020,84,43526.78,0,436.69,0,29.85,15.36,1286.69,29.3835,-82.2042
2020,85,43635.65,2.08,265.73,0,29.5,18.38,1836.42,29.3835,-82.2042
2020,86,43744.45,0,397.2,0,30.71,18.15,1455.73,29.3835,-82.2042
2020,87,43853.14,0,449.96,0,31.81,16.8,1208.74,29.3835,-82.2042
2020,88,43961.72,0,479.69,0,32.94,16.13,1087.61,29.3835,-82.2042
2020,89,44070.15,0,458.59,0,32.32,16.79,1180.14,29.3835,-82.2042
2020,90,44178.43,0,459.75,0,32.11,16.62,1164.87,29.3835,-82.2042
2020,91,44286.53,18.06,295.11,0,29.7,17.2,1630.77,29.3835,-82.2042
2020,92,44394.42,0,415.59,0,23.45,11.11,1065.12,29.3835,-82.2042
2020,93,44502.09,0,513.76,0,24.92,7.72,739.09,29.3835,-82.2042
2020,94,44609.52,0,538.76,0,27.57,8.18,717.92,29.3835,-82.2042
2020,95,44716.69,0,535.77,0,29.45,10.34,672.21,29.3835,-82.2042
2020,96,44823.57,2.51,239.25,0,24.06,14.66,1544.42,29.3835,-82.2042
2020,97,44930.14,0,450.52,0,27.92,13.76,1014.03,29.3835,-82.2042
2020,98,45036.38,0,483.51,0,29.92,14.12,960.56,29.3835,-82.2042
2020,99,45142.26,0,437.29,0,30.07,16.43,1202.89,29.3835,-82.2042
2020,100,45247.77,0,329.69,0,30.88,20.95,1908.31,29.3835,-82.2042
2020,101,45352.89,0,372.95,0,26.2,15.49,1300.11,29.3835,-82.2042
2020,102,45457.58,0,542.52,0,27.9,9.5,648.33,29.3835,-82.2042
2020,103,45561.82,0,497.13,0,32.77,16.51,1053.22,29.3835,-82.2042
2020,104,45665.59,1.23,290.06,0,31,22.49,2232.28,29.3835,-82.2042
2020,105,45768.87,8.89,193.73,0,28.89,21.44,2503.02,29.3835,-82.2042
2020,106,45871.62,29.59,263.69,0,27.78,17.81,1867.91,29.3835,-82.2042
2020,107,45973.83,1.17,365.33,0,23.45,13.56,1429.88,29.3835,-82.2042
2020,108,46075.47,0,501.38,0,28.05,12.54,1123.66,29.3835,-82.2042
2020,109,46176.5,0.43,357.42,0,27.83,17.9,1858.88,29.3835,-82.2042
2020,110,46276.92,0,423.2,0,32,19.44,1855.83,29.3835,-82.2042
2020,111,46376.68,9.32,267.1,0,28.95,18.89,2178.7,29.3835,-82.2042
2020,112,46475.76,0,462.28,0,29.35,15.85,1488.76,29.3835,-82.2042
2020,113,46574.13,0,489.17,0,28.45,13.96,1288.13,29.3835,-82.2042
2020,114,46671.76,20.05,366.47,0,31.8,16.34,1685.83,29.3835,-82.2042
2020,115,46768.63,1.37,261.32,0,25.58,18.76,2163.18,29.3835,-82.2042
2020,116,46864.7,0,422.31,0,30.21,18.11,1891.83,29.3835,-82.2042
2020,117,46959.94,0,417.16,0,29.26,17.57,1844.67,29.3835,-82.2042
2020,118,47054.33,0,482.23,0,25.57,12.08,1246.97,29.3835,-82.2042
2020,119,47147.83,0,562.93,0,28.39,9.96,990.08,29.3835,-82.2042
2020,120,47240.42,15.39,394.81,0,29.76,12.97,1403.63,29.3835,-82.2042
2020,121,47332.05,1.43,403.54,0,26.3,15.46,1708.92,29.3835,-82.2042
2020,122,47422.71,0,526.56,0,27.16,11.15,1167.34,29.3835,-82.2042
2020,123,47512.35,0,557.24,0,29.42,11.03,1112.62,29.3835,-82.2042
2020,124,47600.94,0,543.58,0,30.58,12.93,1265.27,29.3835,-82.2042
2020,125,47688.45,0,521.71,0,30.49,14.28,1405.9,29.3835,-82.2042
2020,126,47774.85,0,487.16,0,30.67,16,1613.51,29.3835,-82.2042
2020,127,47860.11,2.09,343.68,0,29.98,16.41,1865,29.3835,-82.2042
2020,128,47944.18,0,457.11,0,24.28,11.99,1265.9,29.3835,-82.2042
2020,129,48027.04,0,582.91,0,27.72,7.98,846.26,29.3835,-82.2042
2020,130,48108.65,0,461.42,0,27.66,14.58,1460.39,29.3835,-82.2042
2020,131,48188.97,4.52,277.14,0,25.78,15.92,1807.51,29.3835,-82.2042
2020,132,48267.98,0,502.14,0,29.49,14.52,1403.23,29.3835,-82.2042
2020,133,48345.63,0,530.08,0,28.71,12.48,1203.29,29.3835,-82.2042
2020,134,48421.9,0,532.34,0,29.74,12.95,1229.7,29.3835,-82.2042
2020,135,48496.75,0,478.76,0,29.26,15,1468.48,29.3835,-82.2042
2020,136,48570.13,0,471.22,0,30.59,16.34,1594.77,29.3835,-82.2042
2020,137,48642.03,0,407.97,0,31.08,19.05,2003.86,29.3835,-82.2042
2020,138,48712.39,0,432.58,0,32.87,19.76,2008.44,29.3835,-82.2042
2020,139,48781.2,0,366.79,0,30.22,19.69,2158.58,29.3835,-82.2042
2020,140,48848.41,0,399.94,0,31.43,19.71,2079.77,29.3835,-82.2042
2020,141,48913.98,0,452.32,0,32.39,18.56,1828.53,29.3835,-82.2042
2020,142,48977.9,0,470.05,0,33.73,18.9,1811.12,29.3835,-82.2042
2020,143,49040.11,3.19,363.05,0,34.82,18.61,1983.44,29.3835,-82.2042
2020,144,49100.6,3.84,347.51,0,34.56,19.35,2126.88,29.3835,-82.2042
2020,145,49159.32,0,383.42,0,31.95,20.43,2228.7,29.3835,-82.2042
2020,146,49216.24,4.56,171.59,0,28.05,21.66,2588.75,29.3835,-82.2042
2020,147,49271.34,19.57,213.33,0,29.43,21.38,2543.82,29.3835,-82.2042
2020,148,49324.57,0.22,335.49,0,31.51,21.81,2502.7,29.3835,-82.2042
2020,149,49375.92,37.31,271.1,0,32.21,21.62,2582.3,29.3835,-82.2042
2020,150,49425.35,10.8,275.2,0,31.56,21.03,2490.48,29.3835,-82.2042
2020,151,49472.83,0.54,405.27,0,32.77,20.73,2404.33,29.3835,-82.2042
2020,152,49518.33,0,431.62,0,33.81,20.7,2345.01,29.3835,-82.2042
2020,153,49561.83,0,353.98,0,31.62,21.7,2594.85,29.3835,-82.2042
2020,154,49603.29,0,340.59,0,30.47,21.29,2530.36,29.3835,-82.2042
2020,155,49642.71,22.18,267.83,0,29.25,19.88,2320.47,29.3835,-82.2042
2020,156,49680.04,16.08,209.5,0,27.82,20.88,2468.15,29.3835,-82.2042
2020,157,49715.26,1.1,278.32,0,28.78,21.88,2622.96,29.3835,-82.2042
2020,158,49748.36,47.82,170.42,0,27.6,22.17,2669.77,29.3835,-82.2042
2020,159,49779.32,40.21,201.94,0,28.82,22.45,2716.39,29.3835,-82.2042
2020,160,49808.11,8.71,258.69,0,31.49,22.92,2795.05,29.3835,-82.2042
2020,161,49834.71,9.41,268.87,0,31.98,22.97,2803.18,29.3835,-82.2042
2020,162,49859.11,0.08,426.82,0,33.57,22.15,2666.92,29.3835,-82.2042
2020,163,49881.29,4.82,311.8,0,32.47,21.8,2611.31,29.3835,-82.2042
2020,164,49901.23,87.07,314.45,0,32.02,21.47,2558.17,29.3835,-82.2042
2020,165,49918.93,0,399.83,0,30.49,20.95,2477.71,29.3835,-82.2042
2020,166,49934.38,0,429.08,0,31.3,20.77,2450.61,29.3835,-82.2042
2020,167,49947.55,0,459.36,0,31.37,19.76,2302.03,29.3835,-82.2042
2020,168,49958.45,0,455.22,0,29.85,18.76,2163.2,29.3835,-82.2042
2020,169,49967.06,0,479.02,0,30.28,18.14,2081.09,29.3835,-82.2042
2020,170,49973.38,0,493.39,0,32.46,19.08,2206.79,29.3835,-82.2042
2020,171,49977.41,9.43,365.87,0,33.31,19.94,2328.81,29.3835,-82.2042
2020,172,49979.13,0,476.87,0,33.69,20.77,2450.52,29.3835,-82.2042
2020,173,49978.56,0,487.61,0,33.61,20.29,2380.13,29.3835,-82.2042
2020,174,49975.7,0,507.76,0,33.84,19.43,2256.34,29.3835,-82.2042
2020,175,49970.53,8.54,333.35,0,33.15,21.78,2608.14,29.3835,-82.2042
2020,176,49963.08,0,447.23,0,34.74,22.72,2760.51,29.3835,-82.2042
2020,177,49953.33,0,467.63,0,35.2,22.05,2651.04,29.3835,-82.2042
2020,178,49941.31,0,458.27,0,35.2,22.39,2705.59,29.3835,-82.2042
2020,179,49927.01,0,427.81,0,34.4,22.99,2806.34,29.3835,-82.2042
2020,180,49910.44,0,461.69,0,35.36,22.26,2685.21,29.3835,-82.2042
2020,181,49891.63,0,445.03,0,35.54,23.09,2822.87,29.3835,-82.2042
2020,182,49870.57,0,424.51,0,34.74,23.34,2865.78,29.3835,-82.2042
2020,183,49847.29,12.76,302.57,0,32.63,22.42,2710.9,29.3835,-82.2042
2020,184,49821.8,12.98,314.73,0,32.71,21.9,2627.28,29.3835,-82.2042
2020,185,49794.11,11.5,294.34,0,32.4,22.52,2727.83,29.3835,-82.2042
2020,186,49764.25,14.56,281.37,0,31.51,22.26,2684.25,29.3835,-82.2042
2020,187,49732.23,9.71,266.91,0,31.24,22.54,2731.34,29.3835,-82.2042
2020,188,49698.07,5.69,258.67,0,30.78,22.4,2708.03,29.3835,-82.2042
2020,189,49661.8,6.3,271.03,0,31.37,22.39,2706.07,29.3835,-82.2042
2020,190,49623.43,5.07,245.78,0,31.78,23.68,2925.1,29.3835,-82.2042
2020,191,49583,0,361.23,0,33.24,23.95,2974.46,29.3835,-82.2042
2020,192,49540.52,20.79,284.3,0,34.37,24.34,3044.18,29.3835,-82.2042
2020,193,49496.03,0,407.18,0,34.61,23.59,2910.7,29.3835,-82.2042
2020,194,49449.54,0,423.47,0,34.51,22.91,2792.46,29.3835,-82.2042
2020,195,49401.09,1.09,423.89,0,33.63,22.18,2672.36,29.3835,-82.2042
2020,196,49350.71,8.32,297.01,0,34.55,23.85,2955.47,29.3835,-82.2042
2020,197,49298.42,3.51,313.23,0,34.21,22.84,2781.37,29.3835,-82.2042
2020,198,49244.26,2.37,334.21,0,34.07,21.66,2587.92,29.3835,-82.2042
2020,199,49188.26,4.03,324.21,0,34.17,22.25,2682.76,29.3835,-82.2042
2020,200,49130.44,0,405.74,0,33.3,22.58,2737.84,29.3835,-82.2042
2020,201,49070.84,0,424.88,0,34.36,22.76,2768.55,29.3835,-82.2042
2020,202,49009.49,0,421.14,0,33.83,22.54,2730.76,29.3835,-82.2042
2020,203,48946.43,0,405.99,0,33.97,23.23,2846.84,29.3835,-82.2042
2020,204,48881.69,3.16,296.83,0,32.83,22.75,2766.72,29.3835,-82.2042
2020,205,48815.3,11.78,261.08,0,31.51,23.12,2828.25,29.3835,-82.2042
2020,206,48747.29,3.6,331.43,0,33.77,21.94,2633.76,29.3835,-82.2042
2020,207,48677.71,0,406.74,0,33.3,22.89,2790.25,29.3835,-82.2042
2020,208,48606.58,5.23,314.91,0,33.45,22.61,2742.32,29.3835,-82.2042
2020,209,48533.94,0,419.2,0,33.01,22.3,2691.46,29.3835,-82.2042
2020,210,48459.83,5.39,265.77,0,31.06,22.76,2767.14,29.3835,-82.2042
2020,211,48384.28,7.03,285.25,0,31.86,22.77,2769.45,29.3835,-82.2042
2020,212,48307.32,6.21,300.9,0,32.84,22.97,2802.39,29.3835,-82.2042
2020,213,48228.99,0,433.84,0,34.55,23.12,2828.8,29.3835,-82.2042
2020,214,48149.32,0,430.57,0,34.6,23.26,2852.34,29.3835,-82.2042
2020,215,48068.36,7.84,309.11,0,32.98,22.64,2747.91,29.3835,-82.2042
2020,216,47986.12,0,401.36,0,34.13,23.86,2958.69,29.3835,-82.2042
2020,217,47902.66,0,416.39,0,35.01,23.95,2973.99,29.3835,-82.2042
2020,218,47818,0,425.93,0,34.01,22.79,2772.23,29.3835,-82.2042
2020,219,47732.17,2.74,313.42,0,34.02,23.02,2811.34,29.3835,-82.2042
2020,220,47645.21,9.89,314.25,0,33.26,22.32,2695.02,29.3835,-82.2042
2020,221,47557.16,0,436.08,0,33.43,21.75,2603.53,29.3835,-82.2042
2020,222,47468.05,5.13,329.75,0,34.76,22.53,2728.94,29.3835,-82.2042
2020,223,47377.9,0,455.04,0,34.89,21.92,2629.18,29.3835,-82.2042
2020,224,47286.76,10.72,300.99,0,33.13,22.64,2748.14,29.3835,-82.2042
2020,225,47194.65,2.22,309.36,0,33.09,22.23,2679.79,29.3835,-82.2042
2020,226,47101.6,11.01,308.25,0,33.31,22.43,2713.59,29.3835,-82.2042
2020,227,47007.66,6.04,306.2,0,33.48,22.66,2750.35,29.3835,-82.2042
2020,228,46912.84,4.46,280.53,0,32.44,22.98,2805.16,29.3835,-82.2042
2020,229,46817.18,0,394.89,0,33.74,23.38,2874.07,29.3835,-82.2042
2020,230,46720.71,0,377.98,0,32.56,22.99,2806.59,29.3835,-82.2042
2020,231,46623.46,0,415.26,0,33.26,22.31,2693.63,29.3835,-82.2042
2020,232,46525.46,8.46,305.56,0,31.81,21.44,2553.53,29.3835,-82.2042
2020,233,46426.74,24.95,290.99,0,31.65,21.95,2634.15,29.3835,-82.2042
2020,234,46327.32,6.66,270.51,0,30.44,21.76,2604.51,29.3835,-82.2042
2020,235,46227.23,23.47,250.1,0,30.06,22.17,2670.33,29.3835,-82.2042
2020,236,46126.5,4.86,313.65,0,33.41,22.3,2691.46,29.3835,-82.2042
2020,237,46025.17,0,358.86,0,33.83,24.6,3092.78,29.3835,-82.2042
2020,238,45923.24,0,381.91,0,34.63,24.49,3071.77,29.3835,-82.2042
2020,239,45820.76,0,398.74,0,34.97,24.14,3007.87,29.3835,-82.2042
2020,240,45717.74,5.39,279.76,0,34.04,24.23,3024.48,29.3835,-82.2042
2020,241,45614.22,0,365.91,0,33.02,23.62,2916.01,29.3835,-82.2042
2020,242,45510.21,28.38,248.51,0,32.16,23.93,2971.06,29.3835,-82.2042
2020,243,45405.74,17.75,239.36,0,31.16,23.47,2888.62,29.3835,-82.2042
2020,244,45300.84,24.97,215.46,0,29.99,23.33,2865.24,29.3835,-82.2042
2020,245,45195.53,9.5,237.12,0,31.19,23.68,2925.19,29.3835,-82.2042
2020,246,45089.83,0,395.07,0,34.04,23.58,2907.97,29.3835,-82.2042
2020,247,44983.76,0,406.17,0,34.43,23.43,2882.84,29.3835,-82.2042
2020,248,44877.36,3.01,292.3,0,34.78,24.27,3031.24,29.3835,-82.2042
2020,249,44770.63,0,415.26,0,35.51,23.76,2939.69,29.3835,-82.2042
2020,250,44663.61,16.19,302.84,0,34.3,23.29,2857.19,29.3835,-82.2042
2020,251,44556.31,5.47,278.27,0,32.23,22.84,2780.79,29.3835,-82.2042
2020,252,44448.76,8.23,290.5,0,32.06,22.18,2671.17,29.3835,-82.2042
2020,253,44340.97,17.68,287.01,0,32.74,22.91,2792.68,29.3835,-82.2042
2020,254,44232.98,25.82,282.53,0,32.82,23.14,2831.45,29.3835,-82.2042
2020,255,44124.79,3.63,247.57,0,31.97,23.9,2965.39,29.3835,-82.2042
2020,256,44016.43,10.02,241.38,0,31.73,23.97,2976.98,29.3835,-82.2042
2020,257,43907.92,11.04,222.85,0,30.73,23.81,2949.19,29.3835,-82.2042
2020,258,43799.28,7.85,220.53,0,30.57,23.77,2941.66,29.3835,-82.2042
2020,259,43690.54,1.46,251.3,0,29.5,23.91,2966,29.3835,-82.2042
2020,260,43581.7,1.17,338.94,0,31.7,23.58,2907.59,29.3835,-82.2042
2020,261,43472.8,10.43,211.94,0,30.64,24.22,3022.56,29.3835,-82.2042
2020,262,43363.84,0,348.14,0,31.31,23.03,2814.18,29.3835,-82.2042
2020,263,43254.86,2.35,212.64,0,28.03,21.93,2631.04,29.3835,-82.2042
2020,264,43145.86,1.39,245.92,0,25.94,20.91,2471.5,29.3835,-82.2042
2020,265,43036.88,0.6,346.38,0,28.64,20.86,2465.16,29.3835,-82.2042
2020,266,42927.92,0.39,383.74,0,28.57,19.68,2291.17,29.3835,-82.2042
2020,267,42819.01,0,437.12,0,29.92,18.54,2133.46,29.3835,-82.2042
2020,268,42710.18,0,434.64,0,31.56,19.7,2293.77,29.3835,-82.2042
2020,269,42601.43,0,422.81,0,33.25,21.35,2539.48,29.3835,-82.2042
2020,270,42492.79,0,399.06,0,32.89,22.09,2656.84,29.3835,-82.2042
2020,271,42384.28,17.79,249.25,0,30.29,22.36,2700.63,29.3835,-82.2042
2020,272,42275.92,1.66,312.71,0,29.8,22.47,2720.13,29.3835,-82.2042
2020,273,42167.73,5.7,306.53,0,30.29,19.44,2257.49,29.3835,-82.2042
2020,274,42059.74,0,441.57,0,26.11,14.43,1642.61,29.3835,-82.2042
2020,275,41951.95,0,484.52,0,28.19,12.54,1452.93,29.3835,-82.2042
2020,276,41844.39,0,443.11,0,26.84,14.38,1637.43,29.3835,-82.2042
2020,277,41737.09,0.91,412.17,0,26.68,15.7,1782.52,29.3835,-82.2042
2020,278,41630.07,12.76,159.08,0,22.57,17.97,2059.59,29.3835,-82.2042
2020,279,41523.34,1.17,268.56,0,25.82,19.71,2294.83,29.3835,-82.2042
2020,280,41416.93,1.9,371.44,0,32.22,21.83,2616.24,29.3835,-82.2042
2020,281,41310.87,0,336.37,0,32.18,23.09,2823.88,29.3835,-82.2042
2020,282,41205.16,0,332.15,0,31.99,23.04,2815.82,29.3835,-82.2042
2020,283,41099.85,6.93,232.3,0,31.13,23.07,2819.6,29.3835,-82.2042
2020,284,40994.94,2.2,259.32,0,31.65,22.17,2670.47,29.3835,-82.2042
2020,285,40890.47,1.38,318.93,0,31.08,22.61,2742.97,29.3835,-82.2042
2020,286,40786.46,0,368.23,0,30.19,19.87,2318.97,29.3835,-82.2042
2020,287,40682.93,0,388.98,0,31.23,19.43,2255.93,29.3835,-82.2042
2020,288,40579.91,0,384.55,0,31.69,19.73,2298.09,29.3835,-82.2042
2020,289,40477.43,0,373.85,0,31.05,19.57,2275.02,29.3835,-82.2042
2020,290,40375.5,0,375.9,0,31.18,19.35,2244.53,29.3835,-82.2042
2020,291,40274.16,0,373.78,0,28.57,17.21,1962.04,29.3835,-82.2042
2020,292,40173.43,0,374.51,0,30.03,18.1,2076.41,29.3835,-82.2042
2020,293,40073.34,6.31,252.94,0,30.06,19.68,2291.61,29.3835,-82.2042
2020,294,39973.91,1.07,259.35,0,29.35,21.83,2615.58,29.3835,-82.2042
2020,295,39875.18,2.96,191.33,0,29.42,21.98,2640.33,29.3835,-82.2042
2020,296,39777.18,7.33,198,0,29.47,21.69,2593.53,29.3835,-82.2042
2020,297,39679.92,1.16,289.71,0,29.69,20.99,2484.03,29.3835,-82.2042
2020,298,39583.45,0,317.01,0,29.93,20.1,2351.56,29.3835,-82.2042
2020,299,39487.78,0,342.56,0,31.09,19.73,2298.36,29.3835,-82.2042
2020,300,39392.96,0,324.92,0,30.51,20.06,2345.26,29.3835,-82.2042
2020,301,39299.01,2.15,215.47,0,30.96,21.9,2626.81,29.3835,-82.2042
2020,302,39205.96,0,286.58,0,31.52,22.25,2683.03,29.3835,-82.2042
2020,303,39113.84,4.31,217.08,0,31.33,21.95,2634.16,29.3835,-82.2042
2020,304,39022.69,0,356.67,0,24.62,13.3,1526.82,29.3835,-82.2042
2020,305,38932.54,0,406.54,0,28.86,12.4,1439.63,29.3835,-82.2042
2020,306,38843.42,7.93,272.17,0,28.01,15.33,1740.46,29.3835,-82.2042
2020,307,38755.36,0,363.01,0,21.45,9.89,1218.3,29.3835,-82.2042
2020,308,38668.4,0,405.4,0,23.24,7.6,1043.72,29.3835,-82.2042
2020,309,38582.56,0,402.74,0,26,9.22,1164.85,29.3835,-82.2042
2020,310,38497.89,0,354.44,0,27.69,14.35,1634.24,29.3835,-82.2042
2020,311,38414.42,0,308.71,0,28.05,17.1,1949.38,29.3835,-82.2042
2020,312,38332.18,0,272.17,0,28.9,19.38,2249.13,29.3835,-82.2042
2020,313,38251.2,1.1,224.23,0,27.81,20.29,2379.81,29.3835,-82.2042
2020,314,38171.53,27.25,98.32,0,26.44,22.24,2681.59,29.3835,-82.2042
2020,315,38093.19,14.42,134.7,0,28.64,22.63,2745.49,29.3835,-82.2042
2020,316,38016.22,24.72,105.43,0,27.44,22.89,2789.08,29.3835,-82.2042
2020,317,37940.66,5.1,139.59,0,26.59,20.67,2436.53,29.3835,-82.2042
2020,318,37866.54,0,249.36,0,25.39,17.41,1988.1,29.3835,-82.2042
2020,319,37793.89,0,303.19,0,27.38,16.68,1898.22,29.3835,-82.2042
2020,320,37722.75,0.49,308.95,0,28.9,17.51,1999.65,29.3835,-82.2042
2020,321,37653.16,0,316.48,0,25.72,14.44,1643.68,29.3835,-82.2042
2020,322,37585.14,0,352.31,0,23.11,9.78,1209.03,29.3835,-82.2042
2020,323,37518.74,0,352.65,0,22.05,8.66,1121.7,29.3835,-82.2042
2020,324,37453.99,0.38,343.91,0,22.69,9.55,1190.71,29.3835,-82.2042
2020,325,37390.92,1.35,309.94,0,24.35,12.93,1490.03,29.3835,-82.2042
2020,326,37329.56,0.9,266.19,0,25.77,16.27,1849.17,29.3835,-82.2042
2020,327,37269.95,2.89,166.87,0,24.2,16.68,1898.27,29.3835,-82.2042
2020,328,37212.12,0,293.45,0,25.03,14.12,1610.35,29.3835,-82.2042
2020,329,37156.1,0,339.73,0,25.34,11.03,1314.45,29.3835,-82.2042
2020,330,37101.93,0,326.19,0,27.53,13.6,1556.49,29.3835,-82.2042
2020,331,37049.63,0,311.1,0,27.92,14.82,1684.86,29.3835,-82.2042
2020,332,36999.23,0,303.01,0,27.68,15.01,1705.8,29.3835,-82.2042
2020,333,36950.77,0,258.35,0,26.42,16.47,1873.05,29.3835,-82.2042
2020,334,36904.27,4.41,146.87,0,24.04,17.11,1950.19,29.3835,-82.2042
2020,335,36859.76,0,258.68,0,21.58,12.4,1439.54,29.3835,-82.2042
2020,336,36817.27,0,307.23,0,11.98,1.23,667.35,29.3835,-82.2042
2020,337,36776.83,0,365.79,0,14.96,-1.19,559.71,29.3835,-82.2042
2020,338,36738.45,0,380.27,0,22.15,0.63,639.05,29.3835,-82.2042
2020,339,36702.16,0,324.06,0,23.51,9.72,1204.51,29.3835,-82.2042
2020,340,36667.99,0,296.58,0,19.72,8.46,1106.67,29.3835,-82.2042
2020,341,36635.96,6.52,237.55,0,18.73,6.18,946.54,29.3835,-82.2042
2020,342,36606.08,0.94,267.1,0,17.6,8.03,1074.2,29.3835,-82.2042
2020,343,36578.38,0,319.26,0,14.29,1.83,696.94,29.3835,-82.2042
2020,344,36552.87,0,358.33,0,17.54,0.22,620.63,29.3835,-82.2042
2020,345,36529.57,0,361.41,0,21.95,2.41,726.54,29.3835,-82.2042
2020,346,36508.5,0,347.6,0,22.43,4.37,834.12,29.3835,-82.2042
2020,347,36489.67,0.64,315.72,0,21.81,6.94,997.51,29.3835,-82.2042
2020,348,36473.1,0,259.7,0,24.07,12.62,1460.3,29.3835,-82.2042
2020,349,36458.78,1.61,268.5,0,25.78,13.47,1543.72,29.3835,-82.2042
2020,350,36446.74,0,279.89,0,22.78,10.16,1240.43,29.3835,-82.2042
2020,351,36436.98,9.66,158.85,0,19.93,11.33,1340.66,29.3835,-82.2042
2020,352,36429.51,0,230.68,0,16.64,7.5,1035.96,29.3835,-82.2042
2020,353,36424.33,0,325.25,0,15.27,0.33,625.55,29.3835,-82.2042
2020,354,36421.45,0,337.78,0,20.35,3.23,769.73,29.3835,-82.2042
2020,355,36420.86,5.82,223.15,0,21.92,8.13,1082.04,29.3835,-82.2042
2020,356,36422.58,0,249,0,19.59,9.09,1154.5,29.3835,-82.2042
2020,357,36426.59,0,321.98,0,21.44,5.4,896.64,29.3835,-82.2042
2020,358,36432.89,0,350.59,0,23.79,3.41,779.97,29.3835,-82.2042
2020,359,36441.49,16.23,255.01,0,25.28,5.93,929.96,29.3835,-82.2042
2020,360,36452.37,0,273.33,0,11.94,0.22,620.43,29.3835,-82.2042
2020,361,36465.53,0,308.99,0,11.42,-2.62,503.52,29.3835,-82.2042
2020,362,36480.96,0,365.95,0,19.46,-2.75,498.83,29.3835,-82.2042
2020,363,36498.64,0,341.22,0,22.67,3.46,782.47,29.3835,-82.2042
2020,364,36518.57,0,317.81,0,22.5,5.66,912.66,29.3835,-82.2042
2020,365,36540.74,0,306.6,0,25.22,8.74,1127.65,29.3835,-82.2042
2021,1,36565.24,0,216.21,0,28.35,18.33,2106.01,29.3835,-82.2042
2021,2,36591.83,2.01,133.8,0,25.55,17.72,2027.41,29.3835,-82.2042
2021,3,36620.62,0,229.07,0,21.15,11.41,1348.06,29.3835,-82.2042
2021,4,36651.57,0,320.21,0,19.12,3.96,810.77,29.3835,-82.2042
2021,5,36684.66,0,348.62,0,20.81,2.61,736.78,29.3835,-82.2042
2021,6,36719.88,0,341.82,0,19.09,2.09,709.94,29.3835,-82.2042
2021,7,36757.21,1.51,336.13,0,21.19,4.54,844.63,29.3835,-82.2042
2021,8,36796.62,0,188.2,0,15.77,8.42,1103.4,29.3835,-82.2042
2021,9,36838.08,0,161.78,0,10.77,4.74,856.04,29.3835,-82.2042
2021,10,36881.57,0,290.57,0,14.61,2.45,728.52,29.3835,-82.2042
2021,11,36927.07,0,350.63,0,22.5,4.56,845.3,29.3835,-82.2042
2021,12,36974.55,0,185.66,0,16.63,9.45,1182.88,29.3835,-82.2042
2021,13,37023.97,0.72,125.55,0,12.02,7.45,1032.96,29.3835,-82.2042
2021,14,37075.31,0,337.74,0,17.53,2.1,710.74,29.3835,-82.2042
2021,15,37128.54,3.01,274.47,0,22.02,3.02,758.76,29.3835,-82.2042
2021,16,37183.64,0,321.74,0,16.84,2.94,754.25,29.3835,-82.2042
2021,17,37240.56,0,332.67,0,14.84,0.47,631.87,29.3835,-82.2042
2021,18,37299.27,0,355.97,0,18.2,1.61,686.13,29.3835,-82.2042
2021,19,37359.75,0,384.45,0,19.89,-0.21,601.42,29.3835,-82.2042
2021,20,37421.96,0,392.88,0,22.44,0.52,634.33,29.3835,-82.2042
2021,21,37485.87,0,369.21,0,23.8,5.29,890.05,29.3835,-82.2042
2021,22,37551.45,1.41,295.08,0,22.75,10.41,1261.53,29.3835,-82.2042
2021,23,37618.65,0.96,159.99,0,18.8,12.88,1485.27,29.3835,-82.2042
2021,24,37687.45,0.37,269.21,0,23.26,12.39,1438.73,29.3835,-82.2042
2021,25,37757.82,0,287.98,0,26.48,14.27,1625.49,29.3835,-82.2042
2021,26,37829.71,0,275.47,0,26.25,14.84,1686.61,29.3835,-82.2042
2021,27,37903.09,7.92,192.73,0,24.53,14.32,1630.82,29.3835,-82.2042
2021,28,37977.93,0,311.64,0,18.61,6.39,959.98,29.3835,-82.2042
2021,29,38054.2,0,387.4,0,19.16,1.44,677.63,29.3835,-82.2042
2021,30,38131.85,0,395.81,0,21.68,2.8,747.06,29.3835,-82.2042
2021,31,38210.85,1.96,364.7,0,24.53,8.15,1083.27,29.3835,-82.2042
2021,32,38291.18,0,263.25,0,17.51,7.86,1061.81,29.3835,-82.2042
2021,33,38372.78,0,261,0,12.2,3.03,759.22,29.3835,-82.2042
2021,34,38455.64,0,367.92,0,14.65,-0.08,606.94,29.3835,-82.2042
2021,35,38539.71,0,430.1,0,19.09,-2.21,430.24,29.3835,-82.2042
2021,36,38624.96,4.47,299.8,0,21.22,3.32,725.46,29.3835,-82.2042
2021,37,38711.36,55.59,208.3,0,19.06,9.1,1155,29.3835,-82.2042
2021,38,38798.87,0,289.38,0,21.16,10.51,1269.93,29.3835,-82.2042
2021,39,38887.46,0,335.75,0,22.57,9.36,1175.95,29.3835,-82.2042
2021,40,38977.1,0.6,288.04,0,24.4,13.49,1545.22,29.3835,-82.2042
2021,41,39067.75,0,325.88,0,28.04,14.92,1695.44,29.3835,-82.2042
2021,42,39159.38,1.11,324.71,0,28.23,15.08,1713.71,29.3835,-82.2042
2021,43,39251.96,5.65,230.34,0,27.66,15.47,1756.15,29.3835,-82.2042
2021,44,39345.46,13.17,175.17,0,24.94,16.46,1871.25,29.3835,-82.2042
2021,45,39439.85,16.57,159.74,0,23.31,15.98,1814.58,29.3835,-82.2042
2021,46,39535.09,31.24,233.79,0,26.53,15.04,1708.52,29.3835,-82.2042
2021,47,39631.16,0,253.94,0,19.91,11.64,1368.57,29.3835,-82.2042
2021,48,39728.03,0,333.31,0,19.39,8.2,1086.99,29.3835,-82.2042
2021,49,39825.66,6.31,301.45,0,28.8,12.46,1445.07,29.3835,-82.2042
2021,50,39924.03,10.3,262.03,0,23.03,11.25,1334.39,29.3835,-82.2042
2021,51,40023.11,0,404.54,0,18.9,4.97,870.3,29.3835,-82.2042
2021,52,40122.86,0,444.27,0,22.3,4.91,866.33,29.3835,-82.2042
2021,53,40223.28,4.2,312.11,0,25.51,9.6,1194.63,29.3835,-82.2042
2021,54,40324.31,0,387.55,0,24.01,10.24,1247.19,29.3835,-82.2042
2021,55,40425.95,0,459.22,0,26.32,6.51,968.45,29.3835,-82.2042
2021,56,40528.15,0,461.86,0,26.96,6.64,977.12,29.3835,-82.2042
2021,57,40630.91,0,431.88,0,28.03,10.3,1251.85,29.3835,-82.2042
2021,58,40734.18,0,416.85,0,29.93,12.9,1486.97,29.3835,-82.2042
2021,59,40837.95,0,365.46,0,30.01,16.27,1849.24,29.3835,-82.2042
2021,60,40942.2,0,316.72,0,29.08,18.02,2065.66,29.3835,-82.2042
2021,61,41046.88,23.47,168.1,0,22.05,15.25,1732.39,29.3835,-82.2042
2021,62,41152,0,269.14,0,19.4,11.43,1349.83,29.3835,-82.2042
2021,63,41257.51,0,431.73,0,23.75,8.33,1096.3,29.3835,-82.2042
2021,64,41363.39,0,460.39,0,23.68,6.35,957.76,29.3835,-82.2042
2021,65,41469.63,4.63,218.27,0,17.19,8.89,1138.69,29.3835,-82.2042
2021,66,41576.2,0,424.6,0,19.39,5.82,923.27,29.3835,-82.2042
2021,67,41683.08,0,472.39,0,20.52,3.77,799.64,29.3835,-82.2042
2021,68,41790.24,0,488.04,0,23.83,5.05,875.17,29.3835,-82.2042
2021,69,41897.67,0,470.72,0,25.15,7.6,1043.05,29.3835,-82.2042
2021,70,42005.34,0,474.47,0,26.66,8.42,1103.43,29.3835,-82.2042
2021,71,42113.24,0,463.39,0,27.16,9.69,1202.2,29.3835,-82.2042
2021,72,42221.33,0,463.14,0,28.02,10.39,1260.08,29.3835,-82.2042
2021,73,42329.61,0,456.68,0,28.8,11.44,1350.47,29.3835,-82.2042
2021,74,42438.04,0,448.75,0,29.21,12.19,1419.19,29.3835,-82.2042
2021,75,42546.62,0,403.6,0,29.21,14.64,1665.81,29.3835,-82.2042
2021,76,42655.32,0,401.82,0,29.75,15.19,1725.39,29.3835,-82.2042
2021,77,42764.11,1.41,330.75,0,26.7,15.68,1779.93,29.3835,-82.2042
2021,78,42872.98,0,294.33,0,20.9,11.84,1387.13,29.3835,-82.2042
2021,79,42981.92,0.78,231.94,0,16.62,9.97,1224.63,29.3835,-82.2042
2021,80,43090.89,2.38,162.55,0,15.54,9.49,1185.99,29.3835,-82.2042
2021,81,43199.88,0.67,317.65,0,21.62,12.21,1421.33,29.3835,-82.2042
2021,82,43308.87,0,404.49,0,26.09,13.07,1503.89,29.3835,-82.2042
2021,83,43417.85,0,458.12,0,27.94,12.05,1406.5,29.3835,-82.2042
2021,84,43526.78,0,481.19,0,31.58,13.39,1514.86,29.3835,-82.2042
2021,85,43635.65,0,412.24,0,31.59,17.47,1994.75,29.3835,-82.2042
2021,86,43744.45,0,418.27,0,31.74,17.53,2002.66,29.3835,-82.2042
2021,87,43853.14,0,400.31,0,29.55,16.76,1907.5,29.3835,-82.2042
2021,88,43961.72,2.15,208.99,0,25.24,17.42,1988.26,29.3835,-82.2042
2021,89,44070.15,11.21,307.57,0,29.55,16.71,1901.1,29.3835,-82.2042
2021,90,44178.43,0,374.68,0,29.64,18.22,2091.45,29.3835,-82.2042
2021,91,44286.53,2,339.47,0,20.76,11.56,1361.4,29.3835,-82.2042
2021,92,44394.42,0,478.93,0,18.48,4.1,818.72,29.3835,-82.2042
2021,93,44502.09,0,536.96,0,21.69,3.25,771.17,29.3835,-82.2042
2021,94,44609.52,0,528.44,0,24.04,5.89,927.56,29.3835,-82.2042
2021,95,44716.69,0,522.06,0,25.89,7.61,1044.11,29.3835,-82.2042
2021,96,44823.57,0,518.1,0,26.99,8.71,1120.31,29.3835,-82.2042
2021,97,44930.14,0,527.97,0,28.66,9.32,1150.76,29.3835,-82.2042
2021,98,45036.38,0,498.4,0,27.75,10.73,1287.33,29.3835,-82.2042
2021,99,45142.26,0,480.5,0,28.53,12.48,1446.7,29.3835,-82.2042
2021,100,45247.77,22.74,345.66,0,28.71,13.77,1574.27,29.3835,-82.2042
2021,101,45352.89,30.29,199.51,0,20.64,13.64,1560.32,29.3835,-82.2042
2021,102,45457.58,0,437.77,0,28.66,15.25,1732.16,29.3835,-82.2042
2021,103,45561.82,0,529.11,0,31.79,12.52,1450.54,29.3835,-82.2042
2021,104,45665.59,0,481.94,0,29.65,14.05,1603.05,29.3835,-82.2042
2021,105,45768.87,0,383.58,0,27.22,16.27,1848.97,29.3835,-82.2042
2021,106,45871.62,47.56,242.55,0,25.72,16.98,1934.56,29.3835,-82.2042
2021,107,45973.83,41.32,264.36,0,27.31,17.56,2006.23,29.3835,-82.2042
2021,108,46075.47,43.13,198.12,0,25.29,18.34,2107.16,29.3835,-82.2042
2021,109,46176.5,1.07,337.63,0,25.62,16.54,1881.31,29.3835,-82.2042
2021,110,46276.92,1.14,363.83,0,24.79,14.96,1699.53,29.3835,-82.2042
2021,111,46376.68,0,431.76,0,28.44,15.7,1782.49,29.3835,-82.2042
2021,112,46475.76,0,471.05,0,25.16,11.32,1340.53,29.3835,-82.2042
2021,113,46574.13,0,511.16,0,26.35,10.37,1258.34,29.3835,-82.2042
2021,114,46671.76,2.16,353.71,0,30.16,15.53,1763.18,29.3835,-82.2042
2021,115,46768.63,0,429.38,0,29,16.46,1870.86,29.3835,-82.2042
2021,116,46864.7,0,491.25,0,28.75,13.55,1552.12,29.3835,-82.2042
2021,117,46959.94,0,452.43,0,28.62,15.22,1728.64,29.3835,-82.2042
2021,118,47054.33,0,470.63,0,29.43,14.93,1697.08,29.3835,-82.2042
2021,119,47147.83,0,469.14,0,30.56,15.87,1802.63,29.3835,-82.2042
2021,120,47240.42,0,443.52,0,31.12,17.4,1986.25,29.3835,-82.2042
2021,121,47332.05,0,443.67,0,30.69,16.96,1932.33,29.3835,-82.2042
2021,122,47422.71,0,425.49,0,30.85,17.88,2047.7,29.3835,-82.2042
2021,123,47512.35,0,448.34,0,33.41,19.05,2202.53,29.3835,-82.2042
2021,124,47600.94,0,451.07,0,34.01,19.47,2262.17,29.3835,-82.2042
2021,125,47688.45,0,459.11,0,33.81,19.07,2205.53,29.3835,-82.2042
2021,126,47774.85,5.98,242.31,0,29.09,20.28,2377.66,29.3835,-82.2042
2021,127,47860.11,0,478.81,0,27.88,13.99,1596.26,29.3835,-82.2042
2021,128,47944.18,0,551.94,0,28.8,10.61,1278.74,29.3835,-82.2042
2021,129,48027.04,0,546.4,0,31.67,12.94,1491.13,29.3835,-82.2042
2021,130,48108.65,0,459.26,0,31.79,17.9,2050.62,29.3835,-82.2042
2021,131,48188.97,21.35,282.21,0,30.32,19.71,2295.97,29.3835,-82.2042
2021,132,48267.98,0,438.9,0,32.88,19.53,2270.35,29.3835,-82.2042
2021,133,48345.63,1.07,234.7,0,22.79,17.13,1952.45,29.3835,-82.2042
2021,134,48421.9,0,471.16,0,27.31,14.18,1616.55,29.3835,-82.2042
2021,135,48496.75,0,533.76,0,27.71,11.28,1336.58,29.3835,-82.2042
2021,136,48570.13,0,526.87,0,28.11,11.78,1381.54,29.3835,-82.2042
2021,137,48642.03,0,491.66,0,29.27,14.39,1638.19,29.3835,-82.2042
2021,138,48712.39,0,461.44,0,30.31,16.39,1862.75,29.3835,-82.2042
2021,139,48781.2,0,423.52,0,29.42,17.1,1948.93,29.3835,-82.2042
2021,140,48848.41,0,406.38,0,29.41,17.67,2021.09,29.3835,-82.2042
2021,141,48913.98,0,451.7,0,29.62,16.12,1831.25,29.3835,-82.2042
2021,142,48977.9,0,485.13,0,30.55,15.34,1742.42,29.3835,-82.2042
2021,143,49040.11,0,517.64,0,31.28,14.14,1612.14,29.3835,-82.2042
2021,144,49100.6,0,521.11,0,32.58,14.77,1679.64,29.3835,-82.2042
2021,145,49159.32,0,511.59,0,33.2,15.66,1778.38,29.3835,-82.2042
2021,146,49216.24,0,477.73,0,32.89,17.24,1966.59,29.3835,-82.2042
2021,147,49271.34,0,482.1,0,33.87,17.67,2020.54,29.3835,-82.2042
2021,148,49324.57,0,457.24,0,33.55,18.61,2143.78,29.3835,-82.2042
2021,149,49375.92,0,443.79,0,32.69,18.56,2136.5,29.3835,-82.2042
2021,150,49425.35,0,416.54,0,32.34,19.41,2252.44,29.3835,-82.2042
2021,151,49472.83,0,423.36,0,31.8,18.73,2159.15,29.3835,-82.2042
2021,152,49518.33,0,473.57,0,32.47,17.04,1941.75,29.3835,-82.2042
2021,153,49561.83,0,440.99,0,32.01,18.14,2081.08,29.3835,-82.2042
2021,154,49603.29,20.9,268.4,0,31.87,21.16,2510.11,29.3835,-82.2042
2021,155,49642.71,8.05,266.38,0,31.27,20.82,2459.22,29.3835,-82.2042
2021,156,49680.04,3.6,272.94,0,32.69,21.66,2588.95,29.3835,-82.2042
2021,157,49715.26,30.12,276.73,0,33.48,22.19,2672.86,29.3835,-82.2042
2021,158,49748.36,7.71,234.6,0,31.9,22.84,2781.46,29.3835,-82.2042
2021,159,49779.32,0.96,380.97,0,33.66,22.26,2684.94,29.3835,-82.2042
2021,160,49808.11,0,380.99,0,33.55,22.22,2679.12,29.3835,-82.2042
2021,161,49834.71,0,403.96,0,33.79,21.57,2574.21,29.3835,-82.2042
2021,162,49859.11,0,418.55,0,34.22,21.36,2540.68,29.3835,-82.2042
2021,163,49881.29,5.52,275.42,0,32.99,22.11,2660.21,29.3835,-82.2042
2021,164,49901.23,13.62,261.77,0,32.21,22.11,2660.68,29.3835,-82.2042
2021,165,49918.93,17.73,245.26,0,30.5,21.48,2559.45,29.3835,-82.2042
2021,166,49934.38,51.04,278.43,0,31.98,21.47,2558.87,29.3835,-82.2042
2021,167,49947.55,0,354.9,0,31.63,21.8,2611.31,29.3835,-82.2042
2021,168,49958.45,6.83,270.03,0,31.79,21.85,2618.78,29.3835,-82.2042
2021,169,49967.06,4.64,274.66,0,32.49,22.28,2687.91,29.3835,-82.2042
2021,170,49973.38,1.38,317.72,0,32.44,23.76,2939.46,29.3835,-82.2042
2021,171,49977.41,8.8,205.25,0,30.83,23.69,2927.62,29.3835,-82.2042
2021,172,49979.13,3.66,237.7,0,31.4,23.14,2831.51,29.3835,-82.2042
2021,173,49978.56,14.02,254.23,0,30.61,22.01,2643.83,29.3835,-82.2042
2021,174,49975.7,3.18,273.87,0,31.54,22.21,2677.41,29.3835,-82.2042
2021,175,49970.53,34.75,289.66,0,30.42,20.82,2458.09,29.3835,-82.2042
2021,176,49963.08,3.53,289.6,0,30.23,20.8,2455.27,29.3835,-82.2042
2021,177,49953.33,7.2,307.05,0,31.54,21.3,2531.78,29.3835,-82.2042
2021,178,49941.31,0,412.33,0,32.51,22.09,2656.59,29.3835,-82.2042
2021,179,49927.01,0,405.65,0,32.24,22.19,2672.76,29.3835,-82.2042
2021,180,49910.44,6.13,290.78,0,31.22,21.98,2639.22,29.3835,-82.2042
2021,181,49891.63,34.2,266.43,0,29.96,21.91,2628.27,29.3835,-82.2042
2021,182,49870.57,10.06,268.43,0,30.33,22.3,2691.67,29.3835,-82.2042
2021,183,49847.29,15.97,262.37,0,29.54,21.95,2635.23,29.3835,-82.2042
2021,184,49821.8,15.9,171.3,0,27.54,22.94,2798.32,29.3835,-82.2042
2021,185,49794.11,26.56,240.05,0,29.66,22.94,2798.1,29.3835,-82.2042
2021,186,49764.25,0.23,387.67,0,31.31,22.72,2760.41,29.3835,-82.2042
2021,187,49732.23,21.72,273.7,0,30.6,22.79,2772.71,29.3835,-82.2042
2021,188,49698.07,75.07,178.85,0,27.95,23.3,2859.08,29.3835,-82.2042
2021,189,49661.8,0.22,334.53,0,30.66,23.75,2938.65,29.3835,-82.2042
2021,190,49623.43,5.71,293.71,0,32.02,23.52,2897.59,29.3835,-82.2042
2021,191,49583,0.71,427.88,0,31.93,22.45,2716.03,29.3835,-82.2042
2021,192,49540.52,0.7,445.51,0,32.59,22.45,2715.88,29.3835,-82.2042
2021,193,49496.03,0,440.02,0,32.29,22.42,2712.05,29.3835,-82.2042
2021,194,49449.54,0,471.67,0,32.58,21.46,2556.48,29.3835,-82.2042
2021,195,49401.09,1.24,457.82,0,32.85,22.15,2666.35,29.3835,-82.2042
2021,196,49350.71,0,445.03,0,32.92,22.66,2751.03,29.3835,-82.2042
2021,197,49298.42,0,478.6,0,33.63,21.82,2614.04,29.3835,-82.2042
2021,198,49244.26,0,457.73,0,33.62,22.64,2748.39,29.3835,-82.2042
2021,199,49188.26,0,444.92,0,33.25,22.84,2781.5,29.3835,-82.2042
2021,200,49130.44,10.91,324.92,0,32.49,22.62,2744.44,29.3835,-82.2042
2021,201,49070.84,0,434.8,0,32.32,22.37,2702.76,29.3835,-82.2042
2021,202,49009.49,8.54,333.84,0,33.19,22.62,2743.76,29.3835,-82.2042
2021,203,48946.43,0.38,437.67,0,34.03,23.46,2887.7,29.3835,-82.2042
2021,204,48881.69,7.37,320.92,0,33.41,23.32,2862.84,29.3835,-82.2042
2021,205,48815.3,0,439.57,0,33.1,22.65,2749.68,29.3835,-82.2042
2021,206,48747.29,0,453.45,0,33,22.03,2647.73,29.3835,-82.2042
2021,207,48677.71,0,432.71,0,33.43,23.09,2824.12,29.3835,-82.2042
2021,208,48606.58,10.9,303.18,0,33.28,23.92,2968.27,29.3835,-82.2042
2021,209,48533.94,30.21,303.93,0,33.05,23.72,2932.97,29.3835,-82.2042
2021,210,48459.83,7.95,315.1,0,32.69,22.95,2800.11,29.3835,-82.2042
2021,211,48384.28,2.25,304.7,0,32.98,23.58,2908.41,29.3835,-82.2042
2021,212,48307.32,0,406.66,0,33.42,23.87,2960.27,29.3835,-82.2042
2021,213,48228.99,10.77,279.77,0,31.57,23.32,2863.9,29.3835,-82.2042
2021,214,48149.32,41.21,297.26,0,32.26,23.13,2831.25,29.3835,-82.2042
2021,215,48068.36,15.71,196.85,0,28.22,22.89,2790.42,29.3835,-82.2042
2021,216,47986.12,6.13,221.72,0,29.2,23.11,2826.79,29.3835,-82.2042
2021,217,47902.66,0.16,256.21,0,28.69,23.52,2897.6,29.3835,-82.2042
2021,218,47818,7.07,279.29,0,31.3,23.05,2816.17,29.3835,-82.2042
2021,219,47732.17,0,415.36,0,32.43,22.64,2747.75,29.3835,-82.2042
2021,220,47645.21,0.71,429.06,0,33.6,23.02,2812.42,29.3835,-82.2042
2021,221,47557.16,2.75,326.92,0,34.11,23.1,2825.77,29.3835,-82.2042
2021,222,47468.05,0,428.74,0,34.08,23.32,2863.83,29.3835,-82.2042
2021,223,47377.9,0,440.69,0,33.94,22.73,2762.46,29.3835,-82.2042
2021,224,47286.76,0,430.22,0,33.66,22.9,2791.05,29.3835,-82.2042
2021,225,47194.65,0,406.44,0,32.58,22.88,2787.16,29.3835,-82.2042
2021,226,47101.6,21.84,287.28,0,31.89,23.04,2814.92,29.3835,-82.2042
2021,227,47007.66,0.66,368.05,0,31.58,23.27,2854.51,29.3835,-82.2042
2021,228,46912.84,2.26,213.66,0,30.3,24.28,3033.23,29.3835,-82.2042
2021,229,46817.18,2.09,267.93,0,32.7,24.61,3094.21,29.3835,-82.2042
2021,230,46720.71,0,419.52,0,34.55,24.13,3005.72,29.3835,-82.2042
2021,231,46623.46,14.81,318.8,0,34.45,23.81,2949.56,29.3835,-82.2042
2021,232,46525.46,0,436.33,0,34.87,23.65,2921.39,29.3835,-82.2042
2021,233,46426.74,0,416.94,0,34.2,23.86,2958.62,29.3835,-82.2042
2021,234,46327.32,5.34,299.04,0,33.68,24.06,2994.37,29.3835,-82.2042
2021,235,46227.23,0,359.56,0,32.91,24.65,3101.9,29.3835,-82.2042
2021,236,46126.5,15.04,310.3,0,32.78,22.9,2792.08,29.3835,-82.2042
2021,237,46025.17,11.56,321.39,0,32.68,22.28,2688.36,29.3835,-82.2042
2021,238,45923.24,1.08,394.81,0,31.07,22.1,2658.85,29.3835,-82.2042
2021,239,45820.76,4.63,290.35,0,31.89,22.98,2805.08,29.3835,-82.2042
2021,240,45717.74,1.83,358.86,0,32.61,24.4,3054.64,29.3835,-82.2042
2021,241,45614.22,0,369.21,0,33.64,24.92,3151.83,29.3835,-82.2042
2021,242,45510.21,0,399.55,0,33.59,23.91,2965.96,29.3835,-82.2042
2021,243,45405.74,1.87,394.41,0,33.14,23.67,2923.39,29.3835,-82.2042
2021,244,45300.84,37.02,132.76,0,26.68,23.22,2846.56,29.3835,-82.2042
2021,245,45195.53,5.09,304.68,0,32.17,22.48,2721.21,29.3835,-82.2042
2021,246,45089.83,2.63,312.38,0,32.52,22.25,2683.53,29.3835,-82.2042
2021,247,44983.76,0,436.15,0,32.26,21.13,2505.7,29.3835,-82.2042
2021,248,44877.36,0,462.73,0,32.88,20.23,2369.98,29.3835,-82.2042
2021,249,44770.63,0,420.75,0,32.57,21.73,2599.73,29.3835,-82.2042
2021,250,44663.61,5.28,279.37,0,31.69,22.68,2754.05,29.3835,-82.2042
2021,251,44556.31,19.61,286.95,0,31.94,22.57,2735.77,29.3835,-82.2042
2021,252,44448.76,14.01,223.74,0,29.73,23.08,2822.62,29.3835,-82.2042
2021,253,44340.97,3.61,279.59,0,31.33,22.46,2717.07,29.3835,-82.2042
2021,254,44232.98,0,328.09,0,29.89,22.54,2730.26,29.3835,-82.2042
2021,255,44124.79,0,374.06,0,31.55,22.6,2741.53,29.3835,-82.2042
2021,256,44016.43,0,423.68,0,32.58,21.54,2569.36,29.3835,-82.2042
2021,257,43907.92,14.5,308.23,0,32.22,21.65,2587.57,29.3835,-82.2042
2021,258,43799.28,13.75,296.32,0,31.92,21.86,2621.08,29.3835,-82.2042
2021,259,43690.54,0,346.09,0,31.03,22.68,2754.52,29.3835,-82.2042
2021,260,43581.7,12.39,264.37,0,31.22,22.64,2748.16,29.3835,-82.2042
2021,261,43472.8,31.74,272.77,0,31.59,22.59,2739.85,29.3835,-82.2042
2021,262,43363.84,11.7,248.57,0,30.54,22.72,2760.45,29.3835,-82.2042
2021,263,43254.86,2.94,217.61,0,29.78,23.19,2840.12,29.3835,-82.2042
2021,264,43145.86,8.02,278.03,0,31.79,22.54,2731.21,29.3835,-82.2042
2021,265,43036.88,3.53,271.33,0,31.16,22.26,2685.12,29.3835,-82.2042
2021,266,42927.92,0,414.25,0,29.65,19.09,2208.77,29.3835,-82.2042
2021,267,42819.01,0,445.16,0,30.68,18.3,2102.03,29.3835,-82.2042
2021,268,42710.18,0,427.7,0,31.23,19.4,2252.2,29.3835,-82.2042
2021,269,42601.43,0,425.69,0,30.99,19.16,2218.34,29.3835,-82.2042
2021,270,42492.79,0,449.07,0,30.78,17.51,2000.22,29.3835,-82.2042
2021,271,42384.28,0,445.23,0,30.81,17.51,2000.37,29.3835,-82.2042
2021,272,42275.92,0,441.73,0,31.28,17.81,2038.94,29.3835,-82.2042
2021,273,42167.73,0,437.78,0,31.42,17.9,2050.52,29.3835,-82.2042
2021,274,42059.74,0,423.12,0,31.8,18.63,2146.23,29.3835,-82.2042
2021,275,41951.95,0,393.23,0,31.45,19.7,2294.18,29.3835,-82.2042
2021,276,41844.39,0,376.37,0,30.47,19.57,2276.3,29.3835,-82.2042
2021,277,41737.09,0,402.7,0,31.68,19.17,2220.35,29.3835,-82.2042
2021,278,41630.07,0,368.87,0,31.02,20.16,2360.86,29.3835,-82.2042
2021,279,41523.34,1.61,300.02,0,30.09,21.86,2620.92,29.3835,-82.2042
2021,280,41416.93,0,342.36,0,31.9,21.8,2610.87,29.3835,-82.2042
2021,281,41310.87,4.91,245.5,0,31.07,21.62,2581.49,29.3835,-82.2042
2021,282,41205.16,0,348.14,0,30.19,19.96,2331.59,29.3835,-82.2042
2021,283,41099.85,0,347.03,0,29.58,19.4,2251.59,29.3835,-82.2042
2021,284,40994.94,0,387.94,0,30.76,18.29,2100.21,29.3835,-82.2042
2021,285,40890.47,0,346.02,0,30.83,20.13,2356.21,29.3835,-82.2042
2021,286,40786.46,0,360.57,0,31.55,19.95,2329.24,29.3835,-82.2042
2021,287,40682.93,0,359.96,0,31.68,19.95,2330.46,29.3835,-82.2042
2021,288,40579.91,0,370.82,0,31.45,19.06,2205.17,29.3835,-82.2042
2021,289,40477.43,0,379.75,0,30.9,17.95,2057.07,29.3835,-82.2042
2021,290,40375.5,0,400.14,0,26.94,13.51,1547.31,29.3835,-82.2042
2021,291,40274.16,0,427.77,0,26.9,11.18,1327.46,29.3835,-82.2042
2021,292,40173.43,0,413.6,0,28.3,12.9,1487.61,29.3835,-82.2042
2021,293,40073.34,0,403.22,0,29.02,13.75,1571.96,29.3835,-82.2042
2021,294,39973.91,0,377.71,0,29.54,15.5,1760.56,29.3835,-82.2042
2021,295,39875.18,0,362.98,0,30.5,16.86,1919.38,29.3835,-82.2042
2021,296,39777.18,0,357.28,0,30.35,16.84,1917.59,29.3835,-82.2042
2021,297,39679.92,4.54,263.12,0,29.93,16.74,1904.64,29.3835,-82.2042
2021,298,39583.45,0.63,260.63,0,29.21,20.2,2366.47,29.3835,-82.2042
2021,299,39487.78,0,315.43,0,29.09,17.72,2026.37,29.3835,-82.2042
2021,300,39392.96,1.64,385.23,0,27.38,12.25,1425.13,29.3835,-82.2042
2021,301,39299.01,24.39,259.81,0,26.02,13.43,1539.97,29.3835,-82.2042
2021,302,39205.96,0.13,223.85,0,23.32,16.16,1835.47,29.3835,-82.2042
2021,303,39113.84,0,292.03,0,21.56,12.1,1411.15,29.3835,-82.2042
2021,304,39022.69,0,298.47,0,20.12,10.56,1274.11,29.3835,-82.2042
2021,305,38932.54,0,387.97,0,23.63,8.54,1112.3,29.3835,-82.2042
2021,306,38843.42,0,377.38,0,27.3,11.92,1394.47,29.3835,-82.2042
2021,307,38755.36,0,349.1,0,26.35,12.95,1491.97,29.3835,-82.2042
2021,308,38668.4,0.06,252.47,0,22.57,14.17,1615.05,29.3835,-82.2042
2021,309,38582.56,54.8,103.27,0,16.32,12.19,1419.24,29.3835,-82.2042
2021,310,38497.89,2.66,126.62,0,14.31,9.29,1170.44,29.3835,-82.2042
2021,311,38414.42,0,340.64,0,20.65,8.4,1101.61,29.3835,-82.2042
2021,312,38332.18,0,385.38,0,22.51,6.42,962.41,29.3835,-82.2042
2021,313,38251.2,0,398.26,0,25.13,6.48,965.93,29.3835,-82.2042
2021,314,38171.53,1.29,365.43,0,24.98,9.37,1176.67,29.3835,-82.2042
2021,315,38093.19,1.96,290.78,0,26.44,15.14,1719.86,29.3835,-82.2042
2021,316,38016.22,0,233.39,0,24.26,15.8,1794.69,29.3835,-82.2042
2021,317,37940.66,1.73,304.48,0,23.65,11.95,1397.45,29.3835,-82.2042
2021,318,37866.54,0,329.9,0,19.71,6.97,999.64,29.3835,-82.2042
2021,319,37793.89,0,373.1,0,22.43,5.63,910.79,29.3835,-82.2042
2021,320,37722.75,0,383.18,0,24.48,5.58,908.17,29.3835,-82.2042
2021,321,37653.16,0,375.97,0,27.05,7.94,1068,29.3835,-82.2042
2021,322,37585.14,0,308.99,0,26.32,13.15,1511.45,29.3835,-82.2042
2021,323,37518.74,0,264.83,0,25.17,14.66,1666.95,29.3835,-82.2042
2021,324,37453.99,0,252.24,0,24.03,14.3,1628.62,29.3835,-82.2042
2021,325,37390.92,1.6,261.55,0,26.13,15.68,1780.67,29.3835,-82.2042
2021,326,37329.56,2.2,168.99,0,23.47,15.05,1709.82,29.3835,-82.2042
2021,327,37269.95,0,309.73,0,17.92,5.92,929.49,29.3835,-82.2042
2021,328,37212.12,0,356.13,0,21.19,4.8,859.6,29.3835,-82.2042
2021,329,37156.1,0,350.3,0,23.59,6.97,999.34,29.3835,-82.2042
2021,330,37101.93,0.46,335.5,0,22.06,7,1001.26,29.3835,-82.2042
2021,331,37049.63,0,349.77,0,19.4,3.25,770.82,29.3835,-82.2042
2021,332,36999.23,0.3,329.9,0,19.43,4.67,852.34,29.3835,-82.2042
2021,333,36950.77,0,320.32,0,20.27,5.9,928.2,29.3835,-82.2042
2021,334,36904.27,0,355.43,0,20.47,2.33,722.27,29.3835,-82.2042
2021,335,36859.76,0,361.79,0,23.79,3.65,793.17,29.3835,-82.2042
2021,336,36817.27,0,343.36,0,23.55,5.63,910.74,29.3835,-82.2042
2021,337,36776.83,0,330.78,0,24.76,7.68,1049,29.3835,-82.2042
2021,338,36738.45,0,297.15,0,23.28,9.05,1151.14,29.3835,-82.2042
2021,339,36702.16,0,312.84,0,25.19,8.97,1144.95,29.3835,-82.2042
2021,340,36667.99,0,300.13,0,26.87,11.02,1314.09,29.3835,-82.2042
2021,341,36635.96,0,216.75,0,25.05,14.82,1684.35,29.3835,-82.2042
2021,342,36606.08,1.05,219.25,0,26.33,15.88,1803.08,29.3835,-82.2042
2021,343,36578.38,0,180.35,0,23.22,15.21,1727.87,29.3835,-82.2042
2021,344,36552.87,0,278.04,0,28.01,13.92,1588.97,29.3835,-82.2042
2021,345,36529.57,0,258.02,0,27.91,15.11,1716.8,29.3835,-82.2042
2021,346,36508.5,4.29,133.15,0,24.25,16.23,1844.03,29.3835,-82.2042
2021,347,36489.67,0,205.09,0,24.73,15.36,1744.09,29.3835,-82.2042
2021,348,36473.1,0,210.93,0,24.38,14.8,1682.68,29.3835,-82.2042
2021,349,36458.78,2.03,162.11,0,25.57,15.69,1781.89,29.3835,-82.2042
2021,350,36446.74,0,223.59,0,27.34,17.01,1937.59,29.3835,-82.2042
2021,351,36436.98,0,256.84,0,27.55,15.43,1752.22,29.3835,-82.2042
2021,352,36429.51,3.78,209.74,0,27.91,14.18,1616.76,29.3835,-82.2042
2021,353,36424.33,4.06,180.65,0,27.62,16.39,1863.28,29.3835,-82.2042
2021,354,36421.45,29.52,87.32,0,18.03,13.48,1544.49,29.3835,-82.2042
2021,355,36420.86,7.57,140.84,0,18.2,10.73,1288.38,29.3835,-82.2042
2021,356,36422.58,0,253.62,0,17.77,7.17,1013.29,29.3835,-82.2042
2021,357,36426.59,0,334.6,0,20.54,3.44,781.51,29.3835,-82.2042
2021,358,36432.89,0,339.87,0,23.93,5.41,897.02,29.3835,-82.2042
2021,359,36441.49,0,329.23,0,24.73,7.31,1022.88,29.3835,-82.2042
2021,360,36452.37,0,304.03,0,25.71,10.52,1270.47,29.3835,-82.2042
2021,361,36465.53,0,278.72,0,25.11,12.06,1407.01,29.3835,-82.2042
2021,362,36480.96,0,298.65,0,26.55,11.79,1382.47,29.3835,-82.2042
2021,363,36498.64,0,293.63,0,27.73,13.14,1510.39,29.3835,-82.2042
2021,364,36518.57,0,215.29,0,26.17,16.8,1912.6,29.3835,-82.2042
2021,365,36540.74,0,204.82,0,26.84,18.13,2079.54,29.3835,-82.2042
